Segment,Country, Product , Discount Band ,Units Sold, Manufacturing Price , Sale Price , Gross Sales , Discounts ,  Sales , COGS , Profit ,Date,Month Number, Month Name ,Year
Government,Canada, Carretera , None ,1618.5,3.00,20.00,32370.00,0.00,32370.00,16185.00,16185.00,01/01/2014,1, January ,2014
Government,Germany, Carretera , None ,1321,3.00,20.00,26420.00,0.00,26420.00,13210.00,13210.00,01/01/2014,1, January ,2014
Midmarket,France, Carretera , None ,2178,3.00,15.00,32670.00,0.00,32670.00,21780.00,10890.00,01/06/2014,6, June ,2014
Midmarket,Germany, Carretera , None ,888,3.00,15.00,13320.00,0.00,13320.00,8880.00,4440.00,01/06/2014,6, June ,2014
Midmarket,Mexico, Carretera , None ,2470,3.00,15.00,37050.00,0.00,37050.00,24700.00,12350.00,01/06/2014,6, June ,2014
Government,Germany, Carretera , None ,1513,3.00,350.00,529550.00,0.00,529550.00,393380.00,136170.00,01/12/2014,12, December ,2014
Midmarket,Germany, Montana , None ,921,5.00,15.00,13815.00,0.00,13815.00,9210.00,4605.00,01/03/2014,3, March ,2014
Channel Partners,Canada, Montana , None ,2518,5.00,12.00,30216.00,0.00,30216.00,7554.00,22662.00,01/06/2014,6, June ,2014
Government,France, Montana , None ,1899,5.00,20.00,37980.00,0.00,37980.00,18990.00,18990.00,01/06/2014,6, June ,2014
Channel Partners,Germany, Montana , None ,1545,5.00,12.00,18540.00,0.00,18540.00,4635.00,13905.00,01/06/2014,6, June ,2014
Midmarket,Mexico, Montana , None ,2470,5.00,15.00,37050.00,0.00,37050.00,24700.00,12350.00,01/06/2014,6, June ,2014
Enterprise,Canada, Montana , None ,2665.5,5.00,125.00,333187.50,0.00,333187.50,319860.00,13327.50,01/07/2014,7, July ,2014
Small Business,Mexico, Montana , None ,958,5.00,300.00,287400.00,0.00,287400.00,239500.00,47900.00,01/08/2014,8, August ,2014
Government,Germany, Montana , None ,2146,5.00,7.00,15022.00,0.00,15022.00,10730.00,4292.00,01/09/2014,9, September ,2014
Enterprise,Canada, Montana , None ,345,5.00,125.00,43125.00,0.00,43125.00,41400.00,1725.00,01/10/2013,10, October ,2013
Midmarket,United States of America, Montana , None ,615,5.00,15.00,9225.00,0.00,9225.00,6150.00,3075.00,01/12/2014,12, December ,2014
Government,Canada, Paseo , None ,292,10.00,20.00,5840.00,0.00,5840.00,2920.00,2920.00,01/02/2014,2, February ,2014
Midmarket,Mexico, Paseo , None ,974,10.00,15.00,14610.00,0.00,14610.00,9740.00,4870.00,01/02/2014,2, February ,2014
Channel Partners,Canada, Paseo , None ,2518,10.00,12.00,30216.00,0.00,30216.00,7554.00,22662.00,01/06/2014,6, June ,2014
Government,Germany, Paseo , None ,1006,10.00,350.00,352100.00,0.00,352100.00,261560.00,90540.00,01/06/2014,6, June ,2014
Channel Partners,Germany, Paseo , None ,367,10.00,12.00,4404.00,0.00,4404.00,1101.00,3303.00,01/07/2014,7, July ,2014
Government,Mexico, Paseo , None ,883,10.00,7.00,6181.00,0.00,6181.00,4415.00,1766.00,01/08/2014,8, August ,2014
Midmarket,France, Paseo , None ,549,10.00,15.00,8235.00,0.00,8235.00,5490.00,2745.00,01/09/2013,9, September ,2013
Small Business,Mexico, Paseo , None ,788,10.00,300.00,236400.00,0.00,236400.00,197000.00,39400.00,01/09/2013,9, September ,2013
Midmarket,Mexico, Paseo , None ,2472,10.00,15.00,37080.00,0.00,37080.00,24720.00,12360.00,01/09/2014,9, September ,2014
Government,United States of America, Paseo , None ,1143,10.00,7.00,8001.00,0.00,8001.00,5715.00,2286.00,01/10/2014,10, October ,2014
Government,Canada, Paseo , None ,1725,10.00,350.00,603750.00,0.00,603750.00,448500.00,155250.00,01/11/2013,11, November ,2013
Channel Partners,United States of America, Paseo , None ,912,10.00,12.00,10944.00,0.00,10944.00,2736.00,8208.00,01/11/2013,11, November ,2013
Midmarket,Canada, Paseo , None ,2152,10.00,15.00,32280.00,0.00,32280.00,21520.00,10760.00,01/12/2013,12, December ,2013
Government,Canada, Paseo , None ,1817,10.00,20.00,36340.00,0.00,36340.00,18170.00,18170.00,01/12/2014,12, December ,2014
Government,Germany, Paseo , None ,1513,10.00,350.00,529550.00,0.00,529550.00,393380.00,136170.00,01/12/2014,12, December ,2014
Government,Mexico, Velo , None ,1493,120.00,7.00,10451.00,0.00,10451.00,7465.00,2986.00,01/01/2014,1, January ,2014
Enterprise,France, Velo , None ,1804,120.00,125.00,225500.00,0.00,225500.00,216480.00,9020.00,01/02/2014,2, February ,2014
Channel Partners,Germany, Velo , None ,2161,120.00,12.00,25932.00,0.00,25932.00,6483.00,19449.00,01/03/2014,3, March ,2014
Government,Germany, Velo , None ,1006,120.00,350.00,352100.00,0.00,352100.00,261560.00,90540.00,01/06/2014,6, June ,2014
Channel Partners,Germany, Velo , None ,1545,120.00,12.00,18540.00,0.00,18540.00,4635.00,13905.00,01/06/2014,6, June ,2014
Enterprise,United States of America, Velo , None ,2821,120.00,125.00,352625.00,0.00,352625.00,338520.00,14105.00,01/08/2014,8, August ,2014
Enterprise,Canada, Velo , None ,345,120.00,125.00,43125.00,0.00,43125.00,41400.00,1725.00,01/10/2013,10, October ,2013
Small Business,Canada, VTT , None ,2001,250.00,300.00,600300.00,0.00,600300.00,500250.00,100050.00,01/02/2014,2, February ,2014
Channel Partners,Germany, VTT , None ,2838,250.00,12.00,34056.00,0.00,34056.00,8514.00,25542.00,01/04/2014,4, April ,2014
Midmarket,France, VTT , None ,2178,250.00,15.00,32670.00,0.00,32670.00,21780.00,10890.00,01/06/2014,6, June ,2014
Midmarket,Germany, VTT , None ,888,250.00,15.00,13320.00,0.00,13320.00,8880.00,4440.00,01/06/2014,6, June ,2014
Government,France, VTT , None ,1527,250.00,350.00,534450.00,0.00,534450.00,397020.00,137430.00,01/09/2013,9, September ,2013
Small Business,France, VTT , None ,2151,250.00,300.00,645300.00,0.00,645300.00,537750.00,107550.00,01/09/2014,9, September ,2014
Government,Canada, VTT , None ,1817,250.00,20.00,36340.00,0.00,36340.00,18170.00,18170.00,01/12/2014,12, December ,2014
Government,France, Amarilla , None ,2750,260.00,350.00,962500.00,0.00,962500.00,715000.00,247500.00,01/02/2014,2, February ,2014
Channel Partners,United States of America, Amarilla , None ,1953,260.00,12.00,23436.00,0.00,23436.00,5859.00,17577.00,01/04/2014,4, April ,2014
Enterprise,Germany, Amarilla , None ,4219.5,260.00,125.00,527437.50,0.00,527437.50,506340.00,21097.50,01/04/2014,4, April ,2014
Government,France, Amarilla , None ,1899,260.00,20.00,37980.00,0.00,37980.00,18990.00,18990.00,01/06/2014,6, June ,2014
Government,Germany, Amarilla , None ,1686,260.00,7.00,11802.00,0.00,11802.00,8430.00,3372.00,01/07/2014,7, July ,2014
Channel Partners,United States of America, Amarilla , None ,2141,260.00,12.00,25692.00,0.00,25692.00,6423.00,19269.00,01/08/2014,8, August ,2014
Government,United States of America, Amarilla , None ,1143,260.00,7.00,8001.00,0.00,8001.00,5715.00,2286.00,01/10/2014,10, October ,2014
Midmarket,United States of America, Amarilla , None ,615,260.00,15.00,9225.00,0.00,9225.00,6150.00,3075.00,01/12/2014,12, December ,2014
Government,France, Paseo , Low ,3945,10.00,7.00,27615.00,276.15,27338.85,19725.00,7613.85,01/01/2014,1, January ,2014
Midmarket,France, Paseo , Low ,2296,10.00,15.00,34440.00,344.40,34095.60,22960.00,11135.60,01/02/2014,2, February ,2014
Government,France, Paseo , Low ,1030,10.00,7.00,7210.00,72.10,7137.90,5150.00,1987.90,01/05/2014,5, May ,2014
Government,France, Velo , Low ,639,120.00,7.00,4473.00,44.73,4428.27,3195.00,1233.27,01/11/2014,11, November ,2014
Government,Canada, VTT , Low ,1326,250.00,7.00,9282.00,92.82,9189.18,6630.00,2559.18,01/03/2014,3, March ,2014
Channel Partners,United States of America, Carretera , Low ,1858,3.00,12.00,22296.00,222.96,22073.04,5574.00,16499.04,01/02/2014,2, February ,2014
Government,Mexico, Carretera , Low ,1210,3.00,350.00,423500.00,4235.00,419265.00,314600.00,104665.00,01/03/2014,3, March ,2014
Government,United States of America, Carretera , Low ,2529,3.00,7.00,17703.00,177.03,17525.97,12645.00,4880.97,01/07/2014,7, July ,2014
Channel Partners,Canada, Carretera , Low ,1445,3.00,12.00,17340.00,173.40,17166.60,4335.00,12831.60,01/09/2014,9, September ,2014
Enterprise,United States of America, Carretera , Low ,330,3.00,125.00,41250.00,412.50,40837.50,39600.00,1237.50,01/09/2013,9, September ,2013
Channel Partners,France, Carretera , Low ,2671,3.00,12.00,32052.00,320.52,31731.48,8013.00,23718.48,01/09/2014,9, September ,2014
Channel Partners,Germany, Carretera , Low ,766,3.00,12.00,9192.00,91.92,9100.08,2298.00,6802.08,01/10/2013,10, October ,2013
Small Business,Mexico, Carretera , Low ,494,3.00,300.00,148200.00,1482.00,146718.00,123500.00,23218.00,01/10/2013,10, October ,2013
Government,Mexico, Carretera , Low ,1397,3.00,350.00,488950.00,4889.50,484060.50,363220.00,120840.50,01/10/2014,10, October ,2014
Government,France, Carretera , Low ,2155,3.00,350.00,754250.00,7542.50,746707.50,560300.00,186407.50,01/12/2014,12, December ,2014
Midmarket,Mexico, Montana , Low ,2214,5.00,15.00,33210.00,332.10,32877.90,22140.00,10737.90,01/03/2014,3, March ,2014
Small Business,United States of America, Montana , Low ,2301,5.00,300.00,690300.00,6903.00,683397.00,575250.00,108147.00,01/04/2014,4, April ,2014
Government,France, Montana , Low ,1375.5,5.00,20.00,27510.00,275.10,27234.90,13755.00,13479.90,01/07/2014,7, July ,2014
Government,Canada, Montana , Low ,1830,5.00,7.00,12810.00,128.10,12681.90,9150.00,3531.90,01/08/2014,8, August ,2014
Small Business,United States of America, Montana , Low ,2498,5.00,300.00,749400.00,7494.00,741906.00,624500.00,117406.00,01/09/2013,9, September ,2013
Enterprise,United States of America, Montana , Low ,663,5.00,125.00,82875.00,828.75,82046.25,79560.00,2486.25,01/10/2013,10, October ,2013
Midmarket,United States of America, Paseo , Low ,1514,10.00,15.00,22710.00,227.10,22482.90,15140.00,7342.90,01/02/2014,2, February ,2014
Government,United States of America, Paseo , Low ,4492.5,10.00,7.00,31447.50,314.48,31133.03,22462.50,8670.53,01/04/2014,4, April ,2014
Enterprise,United States of America, Paseo , Low ,727,10.00,125.00,90875.00,908.75,89966.25,87240.00,2726.25,01/06/2014,6, June ,2014
Enterprise,France, Paseo , Low ,787,10.00,125.00,98375.00,983.75,97391.25,94440.00,2951.25,01/06/2014,6, June ,2014
Enterprise,Mexico, Paseo , Low ,1823,10.00,125.00,227875.00,2278.75,225596.25,218760.00,6836.25,01/07/2014,7, July ,2014
Midmarket,Germany, Paseo , Low ,747,10.00,15.00,11205.00,112.05,11092.95,7470.00,3622.95,01/09/2014,9, September ,2014
Channel Partners,Germany, Paseo , Low ,766,10.00,12.00,9192.00,91.92,9100.08,2298.00,6802.08,01/10/2013,10, October ,2013
Small Business,United States of America, Paseo , Low ,2905,10.00,300.00,871500.00,8715.00,862785.00,726250.00,136535.00,01/11/2014,11, November ,2014
Government,France, Paseo , Low ,2155,10.00,350.00,754250.00,7542.50,746707.50,560300.00,186407.50,01/12/2014,12, December ,2014
Government,France, Velo , Low ,3864,120.00,20.00,77280.00,772.80,76507.20,38640.00,37867.20,01/04/2014,4, April ,2014
Government,Mexico, Velo , Low ,362,120.00,7.00,2534.00,25.34,2508.66,1810.00,698.66,01/05/2014,5, May ,2014
Enterprise,Canada, Velo , Low ,923,120.00,125.00,115375.00,1153.75,114221.25,110760.00,3461.25,01/08/2014,8, August ,2014
Enterprise,United States of America, Velo , Low ,663,120.00,125.00,82875.00,828.75,82046.25,79560.00,2486.25,01/10/2013,10, October ,2013
Government,Canada, Velo , Low ,2092,120.00,7.00,14644.00,146.44,14497.56,10460.00,4037.56,01/11/2013,11, November ,2013
Government,Germany, VTT , Low ,263,250.00,7.00,1841.00,18.41,1822.59,1315.00,507.59,01/03/2014,3, March ,2014
Government,Canada, VTT , Low ,943.5,250.00,350.00,330225.00,3302.25,326922.75,245310.00,81612.75,01/04/2014,4, April ,2014
Enterprise,United States of America, VTT , Low ,727,250.00,125.00,90875.00,908.75,89966.25,87240.00,2726.25,01/06/2014,6, June ,2014
Enterprise,France, VTT , Low ,787,250.00,125.00,98375.00,983.75,97391.25,94440.00,2951.25,01/06/2014,6, June ,2014
Small Business,Germany, VTT , Low ,986,250.00,300.00,295800.00,2958.00,292842.00,246500.00,46342.00,01/09/2014,9, September ,2014
Small Business,Mexico, VTT , Low ,494,250.00,300.00,148200.00,1482.00,146718.00,123500.00,23218.00,01/10/2013,10, October ,2013
Government,Mexico, VTT , Low ,1397,250.00,350.00,488950.00,4889.50,484060.50,363220.00,120840.50,01/10/2014,10, October ,2014
Enterprise,France, VTT , Low ,1744,250.00,125.00,218000.00,2180.00,215820.00,209280.00,6540.00,01/11/2014,11, November ,2014
Channel Partners,United States of America, Amarilla , Low ,1989,260.00,12.00,23868.00,238.68,23629.32,5967.00,17662.32,01/09/2013,9, September ,2013
Midmarket,France, Amarilla , Low ,321,260.00,15.00,4815.00,48.15,4766.85,3210.00,1556.85,01/11/2013,11, November ,2013
Enterprise,Canada, Carretera , Low ,742.5,3.00,125.00,92812.50,1856.25,90956.25,89100.00,1856.25,01/04/2014,4, April ,2014
Channel Partners,Canada, Carretera , Low ,1295,3.00,12.00,15540.00,310.80,15229.20,3885.00,11344.20,01/10/2014,10, October ,2014
Small Business,Germany, Carretera , Low ,214,3.00,300.00,64200.00,1284.00,62916.00,53500.00,9416.00,01/10/2013,10, October ,2013
Government,France, Carretera , Low ,2145,3.00,7.00,15015.00,300.30,14714.70,10725.00,3989.70,01/11/2013,11, November ,2013
Government,Canada, Carretera , Low ,2852,3.00,350.00,998200.00,19964.00,978236.00,741520.00,236716.00,01/12/2014,12, December ,2014
Channel Partners,United States of America, Montana , Low ,1142,5.00,12.00,13704.00,274.08,13429.92,3426.00,10003.92,01/06/2014,6, June ,2014
Government,United States of America, Montana , Low ,1566,5.00,20.00,31320.00,626.40,30693.60,15660.00,15033.60,01/10/2014,10, October ,2014
Channel Partners,Mexico, Montana , Low ,690,5.00,12.00,8280.00,165.60,8114.40,2070.00,6044.40,01/11/2014,11, November ,2014
Enterprise,Mexico, Montana , Low ,1660,5.00,125.00,207500.00,4150.00,203350.00,199200.00,4150.00,01/11/2013,11, November ,2013
Midmarket,Canada, Paseo , Low ,2363,10.00,15.00,35445.00,708.90,34736.10,23630.00,11106.10,01/02/2014,2, February ,2014
Small Business,France, Paseo , Low ,918,10.00,300.00,275400.00,5508.00,269892.00,229500.00,40392.00,01/05/2014,5, May ,2014
Small Business,Germany, Paseo , Low ,1728,10.00,300.00,518400.00,10368.00,508032.00,432000.00,76032.00,01/05/2014,5, May ,2014
Channel Partners,United States of America, Paseo , Low ,1142,10.00,12.00,13704.00,274.08,13429.92,3426.00,10003.92,01/06/2014,6, June ,2014
Enterprise,Mexico, Paseo , Low ,662,10.00,125.00,82750.00,1655.00,81095.00,79440.00,1655.00,01/06/2014,6, June ,2014
Channel Partners,Canada, Paseo , Low ,1295,10.00,12.00,15540.00,310.80,15229.20,3885.00,11344.20,01/10/2014,10, October ,2014
Enterprise,Germany, Paseo , Low ,809,10.00,125.00,101125.00,2022.50,99102.50,97080.00,2022.50,01/10/2013,10, October ,2013
Enterprise,Mexico, Paseo , Low ,2145,10.00,125.00,268125.00,5362.50,262762.50,257400.00,5362.50,01/10/2013,10, October ,2013
Channel Partners,France, Paseo , Low ,1785,10.00,12.00,21420.00,428.40,20991.60,5355.00,15636.60,01/11/2013,11, November ,2013
Small Business,Canada, Paseo , Low ,1916,10.00,300.00,574800.00,11496.00,563304.00,479000.00,84304.00,01/12/2014,12, December ,2014
Government,Canada, Paseo , Low ,2852,10.00,350.00,998200.00,19964.00,978236.00,741520.00,236716.00,01/12/2014,12, December ,2014
Enterprise,Canada, Paseo , Low ,2729,10.00,125.00,341125.00,6822.50,334302.50,327480.00,6822.50,01/12/2014,12, December ,2014
Midmarket,United States of America, Paseo , Low ,1925,10.00,15.00,28875.00,577.50,28297.50,19250.00,9047.50,01/12/2013,12, December ,2013
Government,United States of America, Paseo , Low ,2013,10.00,7.00,14091.00,281.82,13809.18,10065.00,3744.18,01/12/2013,12, December ,2013
Channel Partners,France, Paseo , Low ,1055,10.00,12.00,12660.00,253.20,12406.80,3165.00,9241.80,01/12/2014,12, December ,2014
Channel Partners,Mexico, Paseo , Low ,1084,10.00,12.00,13008.00,260.16,12747.84,3252.00,9495.84,01/12/2014,12, December ,2014
Government,United States of America, Velo , Low ,1566,120.00,20.00,31320.00,626.40,30693.60,15660.00,15033.60,01/10/2014,10, October ,2014
Government,Germany, Velo , Low ,2966,120.00,350.00,1038100.00,20762.00,1017338.00,771160.00,246178.00,01/10/2013,10, October ,2013
Government,Germany, Velo , Low ,2877,120.00,350.00,1006950.00,20139.00,986811.00,748020.00,238791.00,01/10/2014,10, October ,2014
Enterprise,Germany, Velo , Low ,809,120.00,125.00,101125.00,2022.50,99102.50,97080.00,2022.50,01/10/2013,10, October ,2013
Enterprise,Mexico, Velo , Low ,2145,120.00,125.00,268125.00,5362.50,262762.50,257400.00,5362.50,01/10/2013,10, October ,2013
Channel Partners,France, Velo , Low ,1055,120.00,12.00,12660.00,253.20,12406.80,3165.00,9241.80,01/12/2014,12, December ,2014
Government,Mexico, Velo , Low ,544,120.00,20.00,10880.00,217.60,10662.40,5440.00,5222.40,01/12/2013,12, December ,2013
Channel Partners,Mexico, Velo , Low ,1084,120.00,12.00,13008.00,260.16,12747.84,3252.00,9495.84,01/12/2014,12, December ,2014
Enterprise,Mexico, VTT , Low ,662,250.00,125.00,82750.00,1655.00,81095.00,79440.00,1655.00,01/06/2014,6, June ,2014
Small Business,Germany, VTT , Low ,214,250.00,300.00,64200.00,1284.00,62916.00,53500.00,9416.00,01/10/2013,10, October ,2013
Government,Germany, VTT , Low ,2877,250.00,350.00,1006950.00,20139.00,986811.00,748020.00,238791.00,01/10/2014,10, October ,2014
Enterprise,Canada, VTT , Low ,2729,250.00,125.00,341125.00,6822.50,334302.50,327480.00,6822.50,01/12/2014,12, December ,2014
Government,United States of America, VTT , Low ,266,250.00,350.00,93100.00,1862.00,91238.00,69160.00,22078.00,01/12/2013,12, December ,2013
Government,Mexico, VTT , Low ,1940,250.00,350.00,679000.00,13580.00,665420.00,504400.00,161020.00,01/12/2013,12, December ,2013
Small Business,Germany, Amarilla , Low ,259,260.00,300.00,77700.00,1554.00,76146.00,64750.00,11396.00,01/03/2014,3, March ,2014
Small Business,Mexico, Amarilla , Low ,1101,260.00,300.00,330300.00,6606.00,323694.00,275250.00,48444.00,01/03/2014,3, March ,2014
Enterprise,Germany, Amarilla , Low ,2276,260.00,125.00,284500.00,5690.00,278810.00,273120.00,5690.00,01/05/2014,5, May ,2014
Government,Germany, Amarilla , Low ,2966,260.00,350.00,1038100.00,20762.00,1017338.00,771160.00,246178.00,01/10/2013,10, October ,2013
Government,United States of America, Amarilla , Low ,1236,260.00,20.00,24720.00,494.40,24225.60,12360.00,11865.60,01/11/2014,11, November ,2014
Government,France, Amarilla , Low ,941,260.00,20.00,18820.00,376.40,18443.60,9410.00,9033.60,01/11/2014,11, November ,2014
Small Business,Canada, Amarilla , Low ,1916,260.00,300.00,574800.00,11496.00,563304.00,479000.00,84304.00,01/12/2014,12, December ,2014
Enterprise,France, Carretera , Low ,4243.5,3.00,125.00,530437.50,15913.13,514524.38,509220.00,5304.38,01/04/2014,4, April ,2014
Government,Germany, Carretera , Low ,2580,3.00,20.00,51600.00,1548.00,50052.00,25800.00,24252.00,01/04/2014,4, April ,2014
Small Business,Germany, Carretera , Low ,689,3.00,300.00,206700.00,6201.00,200499.00,172250.00,28249.00,01/06/2014,6, June ,2014
Channel Partners,United States of America, Carretera , Low ,1947,3.00,12.00,23364.00,700.92,22663.08,5841.00,16822.08,01/09/2014,9, September ,2014
Channel Partners,Canada, Carretera , Low ,908,3.00,12.00,10896.00,326.88,10569.12,2724.00,7845.12,01/12/2013,12, December ,2013
Government,Germany, Montana , Low ,1958,5.00,7.00,13706.00,411.18,13294.82,9790.00,3504.82,01/02/2014,2, February ,2014
Channel Partners,France, Montana , Low ,1901,5.00,12.00,22812.00,684.36,22127.64,5703.00,16424.64,01/06/2014,6, June ,2014
Government,France, Montana , Low ,544,5.00,7.00,3808.00,114.24,3693.76,2720.00,973.76,01/09/2014,9, September ,2014
Government,Germany, Montana , Low ,1797,5.00,350.00,628950.00,18868.50,610081.50,467220.00,142861.50,01/09/2013,9, September ,2013
Enterprise,France, Montana , Low ,1287,5.00,125.00,160875.00,4826.25,156048.75,154440.00,1608.75,01/12/2014,12, December ,2014
Enterprise,Germany, Montana , Low ,1706,5.00,125.00,213250.00,6397.50,206852.50,204720.00,2132.50,01/12/2014,12, December ,2014
Small Business,France, Paseo , Low ,2434.5,10.00,300.00,730350.00,21910.50,708439.50,608625.00,99814.50,01/01/2014,1, January ,2014
Enterprise,Canada, Paseo , Low ,1774,10.00,125.00,221750.00,6652.50,215097.50,212880.00,2217.50,01/03/2014,3, March ,2014
Channel Partners,France, Paseo , Low ,1901,10.00,12.00,22812.00,684.36,22127.64,5703.00,16424.64,01/06/2014,6, June ,2014
Small Business,Germany, Paseo , Low ,689,10.00,300.00,206700.00,6201.00,200499.00,172250.00,28249.00,01/06/2014,6, June ,2014
Enterprise,Germany, Paseo , Low ,1570,10.00,125.00,196250.00,5887.50,190362.50,188400.00,1962.50,01/06/2014,6, June ,2014
Channel Partners,United States of America, Paseo , Low ,1369.5,10.00,12.00,16434.00,493.02,15940.98,4108.50,11832.48,01/07/2014,7, July ,2014
Enterprise,Canada, Paseo , Low ,2009,10.00,125.00,251125.00,7533.75,243591.25,241080.00,2511.25,01/10/2014,10, October ,2014
Midmarket,Germany, Paseo , Low ,1945,10.00,15.00,29175.00,875.25,28299.75,19450.00,8849.75,01/10/2013,10, October ,2013
Enterprise,France, Paseo , Low ,1287,10.00,125.00,160875.00,4826.25,156048.75,154440.00,1608.75,01/12/2014,12, December ,2014
Enterprise,Germany, Paseo , Low ,1706,10.00,125.00,213250.00,6397.50,206852.50,204720.00,2132.50,01/12/2014,12, December ,2014
Enterprise,Canada, Velo , Low ,2009,120.00,125.00,251125.00,7533.75,243591.25,241080.00,2511.25,01/10/2014,10, October ,2014
Small Business,United States of America, VTT , Low ,2844,250.00,300.00,853200.00,25596.00,827604.00,711000.00,116604.00,01/02/2014,2, February ,2014
Channel Partners,Mexico, VTT , Low ,1916,250.00,12.00,22992.00,689.76,22302.24,5748.00,16554.24,01/04/2014,4, April ,2014
Enterprise,Germany, VTT , Low ,1570,250.00,125.00,196250.00,5887.50,190362.50,188400.00,1962.50,01/06/2014,6, June ,2014
Small Business,Canada, VTT , Low ,1874,250.00,300.00,562200.00,16866.00,545334.00,468500.00,76834.00,01/08/2014,8, August ,2014
Government,Mexico, VTT , Low ,1642,250.00,350.00,574700.00,17241.00,557459.00,426920.00,130539.00,01/08/2014,8, August ,2014
Midmarket,Germany, VTT , Low ,1945,250.00,15.00,29175.00,875.25,28299.75,19450.00,8849.75,01/10/2013,10, October ,2013
Government,Canada, Carretera , Low ,831,3.00,20.00,16620.00,498.60,16121.40,8310.00,7811.40,01/05/2014,5, May ,2014
Government,Mexico, Paseo , Low ,1760,10.00,7.00,12320.00,369.60,11950.40,8800.00,3150.40,01/09/2013,9, September ,2013
Government,Canada, Velo , Low ,3850.5,120.00,20.00,77010.00,2310.30,74699.70,38505.00,36194.70,01/04/2014,4, April ,2014
Channel Partners,Germany, VTT , Low ,2479,250.00,12.00,29748.00,892.44,28855.56,7437.00,21418.56,01/01/2014,1, January ,2014
Midmarket,Mexico, Montana , Low ,2031,5.00,15.00,30465.00,1218.60,29246.40,20310.00,8936.40,01/10/2014,10, October ,2014
Midmarket,Mexico, Paseo , Low ,2031,10.00,15.00,30465.00,1218.60,29246.40,20310.00,8936.40,01/10/2014,10, October ,2014
Midmarket,France, Paseo , Low ,2261,10.00,15.00,33915.00,1356.60,32558.40,22610.00,9948.40,01/12/2013,12, December ,2013
Government,United States of America, Velo , Low ,736,120.00,20.00,14720.00,588.80,14131.20,7360.00,6771.20,01/09/2013,9, September ,2013
Government,Canada, Carretera , Low ,2851,3.00,7.00,19957.00,798.28,19158.72,14255.00,4903.72,01/10/2013,10, October ,2013
Small Business,Germany, Carretera , Low ,2021,3.00,300.00,606300.00,24252.00,582048.00,505250.00,76798.00,01/10/2014,10, October ,2014
Government,United States of America, Carretera , Low ,274,3.00,350.00,95900.00,3836.00,92064.00,71240.00,20824.00,01/12/2014,12, December ,2014
Midmarket,Canada, Montana , Low ,1967,5.00,15.00,29505.00,1180.20,28324.80,19670.00,8654.80,01/03/2014,3, March ,2014
Small Business,Germany, Montana , Low ,1859,5.00,300.00,557700.00,22308.00,535392.00,464750.00,70642.00,01/08/2014,8, August ,2014
Government,Canada, Montana , Low ,2851,5.00,7.00,19957.00,798.28,19158.72,14255.00,4903.72,01/10/2013,10, October ,2013
Small Business,Germany, Montana , Low ,2021,5.00,300.00,606300.00,24252.00,582048.00,505250.00,76798.00,01/10/2014,10, October ,2014
Enterprise,Mexico, Montana , Low ,1138,5.00,125.00,142250.00,5690.00,136560.00,136560.00,0.00,01/12/2014,12, December ,2014
Government,Canada, Paseo , Low ,4251,10.00,7.00,29757.00,1190.28,28566.72,21255.00,7311.72,01/01/2014,1, January ,2014
Enterprise,Germany, Paseo , Low ,795,10.00,125.00,99375.00,3975.00,95400.00,95400.00,0.00,01/03/2014,3, March ,2014
Small Business,Germany, Paseo , Low ,1414.5,10.00,300.00,424350.00,16974.00,407376.00,353625.00,53751.00,01/04/2014,4, April ,2014
Small Business,United States of America, Paseo , Low ,2918,10.00,300.00,875400.00,35016.00,840384.00,729500.00,110884.00,01/05/2014,5, May ,2014
Government,United States of America, Paseo , Low ,3450,10.00,350.00,1207500.00,48300.00,1159200.00,897000.00,262200.00,01/07/2014,7, July ,2014
Enterprise,France, Paseo , Low ,2988,10.00,125.00,373500.00,14940.00,358560.00,358560.00,0.00,01/07/2014,7, July ,2014
Midmarket,Canada, Paseo , Low ,218,10.00,15.00,3270.00,130.80,3139.20,2180.00,959.20,01/09/2014,9, September ,2014
Government,Canada, Paseo , Low ,2074,10.00,20.00,41480.00,1659.20,39820.80,20740.00,19080.80,01/09/2014,9, September ,2014
Government,United States of America, Paseo , Low ,1056,10.00,20.00,21120.00,844.80,20275.20,10560.00,9715.20,01/09/2014,9, September ,2014
Midmarket,United States of America, Paseo , Low ,671,10.00,15.00,10065.00,402.60,9662.40,6710.00,2952.40,01/10/2013,10, October ,2013
Midmarket,Mexico, Paseo , Low ,1514,10.00,15.00,22710.00,908.40,21801.60,15140.00,6661.60,01/10/2013,10, October ,2013
Government,United States of America, Paseo , Low ,274,10.00,350.00,95900.00,3836.00,92064.00,71240.00,20824.00,01/12/2014,12, December ,2014
Enterprise,Mexico, Paseo , Low ,1138,10.00,125.00,142250.00,5690.00,136560.00,136560.00,0.00,01/12/2014,12, December ,2014
Channel Partners,United States of America, Velo , Low ,1465,120.00,12.00,17580.00,703.20,16876.80,4395.00,12481.80,01/03/2014,3, March ,2014
Government,Canada, Velo , Low ,2646,120.00,20.00,52920.00,2116.80,50803.20,26460.00,24343.20,01/09/2013,9, September ,2013
Government,France, Velo , Low ,2177,120.00,350.00,761950.00,30478.00,731472.00,566020.00,165452.00,01/10/2014,10, October ,2014
Channel Partners,France, VTT , Low ,866,250.00,12.00,10392.00,415.68,9976.32,2598.00,7378.32,01/05/2014,5, May ,2014
Government,United States of America, VTT , Low ,349,250.00,350.00,122150.00,4886.00,117264.00,90740.00,26524.00,01/09/2013,9, September ,2013
Government,France, VTT , Low ,2177,250.00,350.00,761950.00,30478.00,731472.00,566020.00,165452.00,01/10/2014,10, October ,2014
Midmarket,Mexico, VTT , Low ,1514,250.00,15.00,22710.00,908.40,21801.60,15140.00,6661.60,01/10/2013,10, October ,2013
Government,Mexico, Amarilla , Low ,1865,260.00,350.00,652750.00,26110.00,626640.00,484900.00,141740.00,01/02/2014,2, February ,2014
Enterprise,Mexico, Amarilla , Low ,1074,260.00,125.00,134250.00,5370.00,128880.00,128880.00,0.00,01/04/2014,4, April ,2014
Government,Germany, Amarilla , Low ,1907,260.00,350.00,667450.00,26698.00,640752.00,495820.00,144932.00,01/09/2014,9, September ,2014
Midmarket,United States of America, Amarilla , Low ,671,260.00,15.00,10065.00,402.60,9662.40,6710.00,2952.40,01/10/2013,10, October ,2013
Government,Canada, Amarilla , Low ,1778,260.00,350.00,622300.00,24892.00,597408.00,462280.00,135128.00,01/12/2013,12, December ,2013
Government,Germany, Montana , Medium ,1159,5.00,7.00,8113.00,405.65,7707.35,5795.00,1912.35,01/10/2013,10, October ,2013
Government,Germany, Paseo , Medium ,1372,10.00,7.00,9604.00,480.20,9123.80,6860.00,2263.80,01/01/2014,1, January ,2014
Government,Canada, Paseo , Medium ,2349,10.00,7.00,16443.00,822.15,15620.85,11745.00,3875.85,01/09/2013,9, September ,2013
Government,Mexico, Paseo , Medium ,2689,10.00,7.00,18823.00,941.15,17881.85,13445.00,4436.85,01/10/2014,10, October ,2014
Channel Partners,Canada, Paseo , Medium ,2431,10.00,12.00,29172.00,1458.60,27713.40,7293.00,20420.40,01/12/2014,12, December ,2014
Channel Partners,Canada, Velo , Medium ,2431,120.00,12.00,29172.00,1458.60,27713.40,7293.00,20420.40,01/12/2014,12, December ,2014
Government,Mexico, VTT , Medium ,2689,250.00,7.00,18823.00,941.15,17881.85,13445.00,4436.85,01/10/2014,10, October ,2014
Government,Mexico, Amarilla , Medium ,1683,260.00,7.00,11781.00,589.05,11191.95,8415.00,2776.95,01/07/2014,7, July ,2014
Channel Partners,Mexico, Amarilla , Medium ,1123,260.00,12.00,13476.00,673.80,12802.20,3369.00,9433.20,01/08/2014,8, August ,2014
Government,Germany, Amarilla , Medium ,1159,260.00,7.00,8113.00,405.65,7707.35,5795.00,1912.35,01/10/2013,10, October ,2013
Channel Partners,France, Carretera , Medium ,1865,3.00,12.00,22380.00,1119.00,21261.00,5595.00,15666.00,01/02/2014,2, February ,2014
Channel Partners,Germany, Carretera , Medium ,1116,3.00,12.00,13392.00,669.60,12722.40,3348.00,9374.40,01/02/2014,2, February ,2014
Government,France, Carretera , Medium ,1563,3.00,20.00,31260.00,1563.00,29697.00,15630.00,14067.00,01/05/2014,5, May ,2014
Small Business,United States of America, Carretera , Medium ,991,3.00,300.00,297300.00,14865.00,282435.00,247750.00,34685.00,01/06/2014,6, June ,2014
Government,Germany, Carretera , Medium ,1016,3.00,7.00,7112.00,355.60,6756.40,5080.00,1676.40,01/11/2013,11, November ,2013
Midmarket,Mexico, Carretera , Medium ,2791,3.00,15.00,41865.00,2093.25,39771.75,27910.00,11861.75,01/11/2014,11, November ,2014
Government,United States of America, Carretera , Medium ,570,3.00,7.00,3990.00,199.50,3790.50,2850.00,940.50,01/12/2014,12, December ,2014
Government,France, Carretera , Medium ,2487,3.00,7.00,17409.00,870.45,16538.55,12435.00,4103.55,01/12/2014,12, December ,2014
Government,France, Montana , Medium ,1384.5,5.00,350.00,484575.00,24228.75,460346.25,359970.00,100376.25,01/01/2014,1, January ,2014
Enterprise,United States of America, Montana , Medium ,3627,5.00,125.00,453375.00,22668.75,430706.25,435240.00,-4533.75,01/07/2014,7, July ,2014
Government,Mexico, Montana , Medium ,720,5.00,350.00,252000.00,12600.00,239400.00,187200.00,52200.00,01/09/2013,9, September ,2013
Channel Partners,Germany, Montana , Medium ,2342,5.00,12.00,28104.00,1405.20,26698.80,7026.00,19672.80,01/11/2014,11, November ,2014
Small Business,Mexico, Montana , Medium ,1100,5.00,300.00,330000.00,16500.00,313500.00,275000.00,38500.00,01/12/2013,12, December ,2013
Government,France, Paseo , Medium ,1303,10.00,20.00,26060.00,1303.00,24757.00,13030.00,11727.00,01/02/2014,2, February ,2014
Enterprise,United States of America, Paseo , Medium ,2992,10.00,125.00,374000.00,18700.00,355300.00,359040.00,-3740.00,01/03/2014,3, March ,2014
Enterprise,France, Paseo , Medium ,2385,10.00,125.00,298125.00,14906.25,283218.75,286200.00,-2981.25,01/03/2014,3, March ,2014
Small Business,Mexico, Paseo , Medium ,1607,10.00,300.00,482100.00,24105.00,457995.00,401750.00,56245.00,01/04/2014,4, April ,2014
Government,United States of America, Paseo , Medium ,2327,10.00,7.00,16289.00,814.45,15474.55,11635.00,3839.55,01/05/2014,5, May ,2014
Small Business,United States of America, Paseo , Medium ,991,10.00,300.00,297300.00,14865.00,282435.00,247750.00,34685.00,01/06/2014,6, June ,2014
Government,United States of America, Paseo , Medium ,602,10.00,350.00,210700.00,10535.00,200165.00,156520.00,43645.00,01/06/2014,6, June ,2014
Midmarket,France, Paseo , Medium ,2620,10.00,15.00,39300.00,1965.00,37335.00,26200.00,11135.00,01/09/2014,9, September ,2014
Government,Canada, Paseo , Medium ,1228,10.00,350.00,429800.00,21490.00,408310.00,319280.00,89030.00,01/10/2013,10, October ,2013
Government,Canada, Paseo , Medium ,1389,10.00,20.00,27780.00,1389.00,26391.00,13890.00,12501.00,01/10/2013,10, October ,2013
Enterprise,United States of America, Paseo , Medium ,861,10.00,125.00,107625.00,5381.25,102243.75,103320.00,-1076.25,01/10/2014,10, October ,2014
Enterprise,France, Paseo , Medium ,704,10.00,125.00,88000.00,4400.00,83600.00,84480.00,-880.00,01/10/2013,10, October ,2013
Government,Canada, Paseo , Medium ,1802,10.00,20.00,36040.00,1802.00,34238.00,18020.00,16218.00,01/12/2013,12, December ,2013
Government,United States of America, Paseo , Medium ,2663,10.00,20.00,53260.00,2663.00,50597.00,26630.00,23967.00,01/12/2014,12, December ,2014
Government,France, Paseo , Medium ,2136,10.00,7.00,14952.00,747.60,14204.40,10680.00,3524.40,01/12/2013,12, December ,2013
Midmarket,Germany, Paseo , Medium ,2116,10.00,15.00,31740.00,1587.00,30153.00,21160.00,8993.00,01/12/2013,12, December ,2013
Midmarket,United States of America, Velo , Medium ,555,120.00,15.00,8325.00,416.25,7908.75,5550.00,2358.75,01/01/2014,1, January ,2014
Midmarket,Mexico, Velo , Medium ,2861,120.00,15.00,42915.00,2145.75,40769.25,28610.00,12159.25,01/01/2014,1, January ,2014
Enterprise,Germany, Velo , Medium ,807,120.00,125.00,100875.00,5043.75,95831.25,96840.00,-1008.75,01/02/2014,2, February ,2014
Government,United States of America, Velo , Medium ,602,120.00,350.00,210700.00,10535.00,200165.00,156520.00,43645.00,01/06/2014,6, June ,2014
Government,United States of America, Velo , Medium ,2832,120.00,20.00,56640.00,2832.00,53808.00,28320.00,25488.00,01/08/2014,8, August ,2014
Government,France, Velo , Medium ,1579,120.00,20.00,31580.00,1579.00,30001.00,15790.00,14211.00,01/08/2014,8, August ,2014
Enterprise,United States of America, Velo , Medium ,861,120.00,125.00,107625.00,5381.25,102243.75,103320.00,-1076.25,01/10/2014,10, October ,2014
Enterprise,France, Velo , Medium ,704,120.00,125.00,88000.00,4400.00,83600.00,84480.00,-880.00,01/10/2013,10, October ,2013
Government,France, Velo , Medium ,1033,120.00,20.00,20660.00,1033.00,19627.00,10330.00,9297.00,01/12/2013,12, December ,2013
Small Business,Germany, Velo , Medium ,1250,120.00,300.00,375000.00,18750.00,356250.00,312500.00,43750.00,01/12/2014,12, December ,2014
Government,Canada, VTT , Medium ,1389,250.00,20.00,27780.00,1389.00,26391.00,13890.00,12501.00,01/10/2013,10, October ,2013
Government,United States of America, VTT , Medium ,1265,250.00,20.00,25300.00,1265.00,24035.00,12650.00,11385.00,01/11/2013,11, November ,2013
Government,Germany, VTT , Medium ,2297,250.00,20.00,45940.00,2297.00,43643.00,22970.00,20673.00,01/11/2013,11, November ,2013
Government,United States of America, VTT , Medium ,2663,250.00,20.00,53260.00,2663.00,50597.00,26630.00,23967.00,01/12/2014,12, December ,2014
Government,United States of America, VTT , Medium ,570,250.00,7.00,3990.00,199.50,3790.50,2850.00,940.50,01/12/2014,12, December ,2014
Government,France, VTT , Medium ,2487,250.00,7.00,17409.00,870.45,16538.55,12435.00,4103.55,01/12/2014,12, December ,2014
Government,Germany, Amarilla , Medium ,1350,260.00,350.00,472500.00,23625.00,448875.00,351000.00,97875.00,01/02/2014,2, February ,2014
Government,Canada, Amarilla , Medium ,552,260.00,350.00,193200.00,9660.00,183540.00,143520.00,40020.00,01/08/2014,8, August ,2014
Government,Canada, Amarilla , Medium ,1228,260.00,350.00,429800.00,21490.00,408310.00,319280.00,89030.00,01/10/2013,10, October ,2013
Small Business,Germany, Amarilla , Medium ,1250,260.00,300.00,375000.00,18750.00,356250.00,312500.00,43750.00,01/12/2014,12, December ,2014
Midmarket,France, Paseo , Medium ,3801,10.00,15.00,57015.00,3420.90,53594.10,38010.00,15584.10,01/04/2014,4, April ,2014
Government,United States of America, Carretera , Medium ,1117.5,3.00,20.00,22350.00,1341.00,21009.00,11175.00,9834.00,01/01/2014,1, January ,2014
Midmarket,Canada, Carretera , Medium ,2844,3.00,15.00,42660.00,2559.60,40100.40,28440.00,11660.40,01/06/2014,6, June ,2014
Channel Partners,Mexico, Carretera , Medium ,562,3.00,12.00,6744.00,404.64,6339.36,1686.00,4653.36,01/09/2014,9, September ,2014
Channel Partners,Canada, Carretera , Medium ,2299,3.00,12.00,27588.00,1655.28,25932.72,6897.00,19035.72,01/10/2013,10, October ,2013
Midmarket,United States of America, Carretera , Medium ,2030,3.00,15.00,30450.00,1827.00,28623.00,20300.00,8323.00,01/11/2014,11, November ,2014
Government,United States of America, Carretera , Medium ,263,3.00,7.00,1841.00,110.46,1730.54,1315.00,415.54,01/11/2013,11, November ,2013
Enterprise,Germany, Carretera , Medium ,887,3.00,125.00,110875.00,6652.50,104222.50,106440.00,-2217.50,01/12/2013,12, December ,2013
Government,Mexico, Montana , Medium ,980,5.00,350.00,343000.00,20580.00,322420.00,254800.00,67620.00,01/04/2014,4, April ,2014
Government,Germany, Montana , Medium ,1460,5.00,350.00,511000.00,30660.00,480340.00,379600.00,100740.00,01/05/2014,5, May ,2014
Government,France, Montana , Medium ,1403,5.00,7.00,9821.00,589.26,9231.74,7015.00,2216.74,01/10/2013,10, October ,2013
Channel Partners,United States of America, Montana , Medium ,2723,5.00,12.00,32676.00,1960.56,30715.44,8169.00,22546.44,01/11/2014,11, November ,2014
Government,France, Paseo , Medium ,1496,10.00,350.00,523600.00,31416.00,492184.00,388960.00,103224.00,01/06/2014,6, June ,2014
Channel Partners,Canada, Paseo , Medium ,2299,10.00,12.00,27588.00,1655.28,25932.72,6897.00,19035.72,01/10/2013,10, October ,2013
Government,United States of America, Paseo , Medium ,727,10.00,350.00,254450.00,15267.00,239183.00,189020.00,50163.00,01/10/2013,10, October ,2013
Enterprise,Canada, Velo , Medium ,952,120.00,125.00,119000.00,7140.00,111860.00,114240.00,-2380.00,01/02/2014,2, February ,2014
Enterprise,United States of America, Velo , Medium ,2755,120.00,125.00,344375.00,20662.50,323712.50,330600.00,-6887.50,01/02/2014,2, February ,2014
Midmarket,Germany, Velo , Medium ,1530,120.00,15.00,22950.00,1377.00,21573.00,15300.00,6273.00,01/05/2014,5, May ,2014
Government,France, Velo , Medium ,1496,120.00,350.00,523600.00,31416.00,492184.00,388960.00,103224.00,01/06/2014,6, June ,2014
Government,Mexico, Velo , Medium ,1498,120.00,7.00,10486.00,629.16,9856.84,7490.00,2366.84,01/06/2014,6, June ,2014
Small Business,France, Velo , Medium ,1221,120.00,300.00,366300.00,21978.00,344322.00,305250.00,39072.00,01/10/2013,10, October ,2013
Government,France, Velo , Medium ,2076,120.00,350.00,726600.00,43596.00,683004.00,539760.00,143244.00,01/10/2013,10, October ,2013
Midmarket,Canada, VTT , Medium ,2844,250.00,15.00,42660.00,2559.60,40100.40,28440.00,11660.40,01/06/2014,6, June ,2014
Government,Mexico, VTT , Medium ,1498,250.00,7.00,10486.00,629.16,9856.84,7490.00,2366.84,01/06/2014,6, June ,2014
Small Business,France, VTT , Medium ,1221,250.00,300.00,366300.00,21978.00,344322.00,305250.00,39072.00,01/10/2013,10, October ,2013
Government,Mexico, VTT , Medium ,1123,250.00,20.00,22460.00,1347.60,21112.40,11230.00,9882.40,01/11/2013,11, November ,2013
Small Business,Canada, VTT , Medium ,2436,250.00,300.00,730800.00,43848.00,686952.00,609000.00,77952.00,01/12/2013,12, December ,2013
Enterprise,France, Amarilla , Medium ,1987.5,260.00,125.00,248437.50,14906.25,233531.25,238500.00,-4968.75,01/01/2014,1, January ,2014
Government,Mexico, Amarilla , Medium ,1679,260.00,350.00,587650.00,35259.00,552391.00,436540.00,115851.00,01/09/2014,9, September ,2014
Government,United States of America, Amarilla , Medium ,727,260.00,350.00,254450.00,15267.00,239183.00,189020.00,50163.00,01/10/2013,10, October ,2013
Government,France, Amarilla , Medium ,1403,260.00,7.00,9821.00,589.26,9231.74,7015.00,2216.74,01/10/2013,10, October ,2013
Government,France, Amarilla , Medium ,2076,260.00,350.00,726600.00,43596.00,683004.00,539760.00,143244.00,01/10/2013,10, October ,2013
Government,France, Montana , Medium ,1757,5.00,20.00,35140.00,2108.40,33031.60,17570.00,15461.60,01/10/2013,10, October ,2013
Midmarket,United States of America, Paseo , Medium ,2198,10.00,15.00,32970.00,1978.20,30991.80,21980.00,9011.80,01/08/2014,8, August ,2014
Midmarket,Germany, Paseo , Medium ,1743,10.00,15.00,26145.00,1568.70,24576.30,17430.00,7146.30,01/08/2014,8, August ,2014
Midmarket,United States of America, Paseo , Medium ,1153,10.00,15.00,17295.00,1037.70,16257.30,11530.00,4727.30,01/10/2014,10, October ,2014
Government,France, Paseo , Medium ,1757,10.00,20.00,35140.00,2108.40,33031.60,17570.00,15461.60,01/10/2013,10, October ,2013
Government,Germany, Velo , Medium ,1001,120.00,20.00,20020.00,1201.20,18818.80,10010.00,8808.80,01/08/2014,8, August ,2014
Government,Mexico, Velo , Medium ,1333,120.00,7.00,9331.00,559.86,8771.14,6665.00,2106.14,01/11/2014,11, November ,2014
Midmarket,United States of America, VTT , Medium ,1153,250.00,15.00,17295.00,1037.70,16257.30,11530.00,4727.30,01/10/2014,10, October ,2014
Channel Partners,Mexico, Carretera , Medium ,727,3.00,12.00,8724.00,610.68,8113.32,2181.00,5932.32,01/02/2014,2, February ,2014
Channel Partners,Canada, Carretera , Medium ,1884,3.00,12.00,22608.00,1582.56,21025.44,5652.00,15373.44,01/08/2014,8, August ,2014
Government,Mexico, Carretera , Medium ,1834,3.00,20.00,36680.00,2567.60,34112.40,18340.00,15772.40,01/09/2013,9, September ,2013
Channel Partners,Mexico, Montana , Medium ,2340,5.00,12.00,28080.00,1965.60,26114.40,7020.00,19094.40,01/01/2014,1, January ,2014
Channel Partners,France, Montana , Medium ,2342,5.00,12.00,28104.00,1967.28,26136.72,7026.00,19110.72,01/11/2014,11, November ,2014
Government,France, Paseo , Medium ,1031,10.00,7.00,7217.00,505.19,6711.81,5155.00,1556.81,01/09/2013,9, September ,2013
Midmarket,Canada, Velo , Medium ,1262,120.00,15.00,18930.00,1325.10,17604.90,12620.00,4984.90,01/05/2014,5, May ,2014
Government,Canada, Velo , Medium ,1135,120.00,7.00,7945.00,556.15,7388.85,5675.00,1713.85,01/06/2014,6, June ,2014
Government,United States of America, Velo , Medium ,547,120.00,7.00,3829.00,268.03,3560.97,2735.00,825.97,01/11/2014,11, November ,2014
Government,Canada, Velo , Medium ,1582,120.00,7.00,11074.00,775.18,10298.82,7910.00,2388.82,01/12/2014,12, December ,2014
Channel Partners,France, VTT , Medium ,1738.5,250.00,12.00,20862.00,1460.34,19401.66,5215.50,14186.16,01/04/2014,4, April ,2014
Channel Partners,Germany, VTT , Medium ,2215,250.00,12.00,26580.00,1860.60,24719.40,6645.00,18074.40,01/09/2013,9, September ,2013
Government,Canada, VTT , Medium ,1582,250.00,7.00,11074.00,775.18,10298.82,7910.00,2388.82,01/12/2014,12, December ,2014
Government,Canada, Amarilla , Medium ,1135,260.00,7.00,7945.00,556.15,7388.85,5675.00,1713.85,01/06/2014,6, June ,2014
Government,United States of America, Carretera , Medium ,1761,3.00,350.00,616350.00,43144.50,573205.50,457860.00,115345.50,01/03/2014,3, March ,2014
Small Business,France, Carretera , Medium ,448,3.00,300.00,134400.00,9408.00,124992.00,112000.00,12992.00,01/06/2014,6, June ,2014
Small Business,France, Carretera , Medium ,2181,3.00,300.00,654300.00,45801.00,608499.00,545250.00,63249.00,01/10/2014,10, October ,2014
Government,France, Montana , Medium ,1976,5.00,20.00,39520.00,2766.40,36753.60,19760.00,16993.60,01/10/2014,10, October ,2014
Small Business,France, Montana , Medium ,2181,5.00,300.00,654300.00,45801.00,608499.00,545250.00,63249.00,01/10/2014,10, October ,2014
Enterprise,Germany, Montana , Medium ,2500,5.00,125.00,312500.00,21875.00,290625.00,300000.00,-9375.00,01/11/2013,11, November ,2013
Small Business,Canada, Paseo , Medium ,1702,10.00,300.00,510600.00,35742.00,474858.00,425500.00,49358.00,01/05/2014,5, May ,2014
Small Business,France, Paseo , Medium ,448,10.00,300.00,134400.00,9408.00,124992.00,112000.00,12992.00,01/06/2014,6, June ,2014
Enterprise,Germany, Paseo , Medium ,3513,10.00,125.00,439125.00,30738.75,408386.25,421560.00,-13173.75,01/07/2014,7, July ,2014
Midmarket,France, Paseo , Medium ,2101,10.00,15.00,31515.00,2206.05,29308.95,21010.00,8298.95,01/08/2014,8, August ,2014
Midmarket,United States of America, Paseo , Medium ,2931,10.00,15.00,43965.00,3077.55,40887.45,29310.00,11577.45,01/09/2013,9, September ,2013
Government,France, Paseo , Medium ,1535,10.00,20.00,30700.00,2149.00,28551.00,15350.00,13201.00,01/09/2014,9, September ,2014
Small Business,Germany, Paseo , Medium ,1123,10.00,300.00,336900.00,23583.00,313317.00,280750.00,32567.00,01/09/2013,9, September ,2013
Small Business,Canada, Paseo , Medium ,1404,10.00,300.00,421200.00,29484.00,391716.00,351000.00,40716.00,01/11/2013,11, November ,2013
Channel Partners,Mexico, Paseo , Medium ,2763,10.00,12.00,33156.00,2320.92,30835.08,8289.00,22546.08,01/11/2013,11, November ,2013
Government,Germany, Paseo , Medium ,2125,10.00,7.00,14875.00,1041.25,13833.75,10625.00,3208.75,01/12/2013,12, December ,2013
Small Business,France, Velo , Medium ,1659,120.00,300.00,497700.00,34839.00,462861.00,414750.00,48111.00,01/07/2014,7, July ,2014
Government,Mexico, Velo , Medium ,609,120.00,20.00,12180.00,852.60,11327.40,6090.00,5237.40,01/08/2014,8, August ,2014
Enterprise,Germany, Velo , Medium ,2087,120.00,125.00,260875.00,18261.25,242613.75,250440.00,-7826.25,01/09/2014,9, September ,2014
Government,France, Velo , Medium ,1976,120.00,20.00,39520.00,2766.40,36753.60,19760.00,16993.60,01/10/2014,10, October ,2014
Government,United States of America, Velo , Medium ,1421,120.00,20.00,28420.00,1989.40,26430.60,14210.00,12220.60,01/12/2013,12, December ,2013
Small Business,United States of America, Velo , Medium ,1372,120.00,300.00,411600.00,28812.00,382788.00,343000.00,39788.00,01/12/2014,12, December ,2014
Government,Germany, Velo , Medium ,588,120.00,20.00,11760.00,823.20,10936.80,5880.00,5056.80,01/12/2013,12, December ,2013
Channel Partners,Canada, VTT , Medium ,3244.5,250.00,12.00,38934.00,2725.38,36208.62,9733.50,26475.12,01/01/2014,1, January ,2014
Small Business,France, VTT , Medium ,959,250.00,300.00,287700.00,20139.00,267561.00,239750.00,27811.00,01/02/2014,2, February ,2014
Small Business,Mexico, VTT , Medium ,2747,250.00,300.00,824100.00,57687.00,766413.00,686750.00,79663.00,01/02/2014,2, February ,2014
Enterprise,Canada, Amarilla , Medium ,1645,260.00,125.00,205625.00,14393.75,191231.25,197400.00,-6168.75,01/05/2014,5, May ,2014
Government,France, Amarilla , Medium ,2876,260.00,350.00,1006600.00,70462.00,936138.00,747760.00,188378.00,01/09/2014,9, September ,2014
Enterprise,Germany, Amarilla , Medium ,994,260.00,125.00,124250.00,8697.50,115552.50,119280.00,-3727.50,01/09/2013,9, September ,2013
Government,Canada, Amarilla , Medium ,1118,260.00,20.00,22360.00,1565.20,20794.80,11180.00,9614.80,01/11/2014,11, November ,2014
Small Business,United States of America, Amarilla , Medium ,1372,260.00,300.00,411600.00,28812.00,382788.00,343000.00,39788.00,01/12/2014,12, December ,2014
Government,Canada, Montana , Medium ,488,5.00,7.00,3416.00,273.28,3142.72,2440.00,702.72,01/02/2014,2, February ,2014
Government,United States of America, Montana , Medium ,1282,5.00,20.00,25640.00,2051.20,23588.80,12820.00,10768.80,01/06/2014,6, June ,2014
Government,Canada, Paseo , Medium ,257,10.00,7.00,1799.00,143.92,1655.08,1285.00,370.08,01/05/2014,5, May ,2014
Government,United States of America, Amarilla , Medium ,1282,260.00,20.00,25640.00,2051.20,23588.80,12820.00,10768.80,01/06/2014,6, June ,2014
Enterprise,Mexico, Carretera , Medium ,1540,3.00,125.00,192500.00,15400.00,177100.00,184800.00,-7700.00,01/08/2014,8, August ,2014
Midmarket,France, Carretera , Medium ,490,3.00,15.00,7350.00,588.00,6762.00,4900.00,1862.00,01/11/2014,11, November ,2014
Government,Mexico, Carretera , Medium ,1362,3.00,350.00,476700.00,38136.00,438564.00,354120.00,84444.00,01/12/2014,12, December ,2014
Midmarket,France, Montana , Medium ,2501,5.00,15.00,37515.00,3001.20,34513.80,25010.00,9503.80,01/03/2014,3, March ,2014
Government,Canada, Montana , Medium ,708,5.00,20.00,14160.00,1132.80,13027.20,7080.00,5947.20,01/06/2014,6, June ,2014
Government,Germany, Montana , Medium ,645,5.00,20.00,12900.00,1032.00,11868.00,6450.00,5418.00,01/07/2014,7, July ,2014
Small Business,France, Montana , Medium ,1562,5.00,300.00,468600.00,37488.00,431112.00,390500.00,40612.00,01/08/2014,8, August ,2014
Small Business,Canada, Montana , Medium ,1283,5.00,300.00,384900.00,30792.00,354108.00,320750.00,33358.00,01/09/2013,9, September ,2013
Midmarket,Germany, Montana , Medium ,711,5.00,15.00,10665.00,853.20,9811.80,7110.00,2701.80,01/12/2014,12, December ,2014
Enterprise,Mexico, Paseo , Medium ,1114,10.00,125.00,139250.00,11140.00,128110.00,133680.00,-5570.00,01/03/2014,3, March ,2014
Government,Germany, Paseo , Medium ,1259,10.00,7.00,8813.00,705.04,8107.96,6295.00,1812.96,01/04/2014,4, April ,2014
Government,Germany, Paseo , Medium ,1095,10.00,7.00,7665.00,613.20,7051.80,5475.00,1576.80,01/05/2014,5, May ,2014
Government,Germany, Paseo , Medium ,1366,10.00,20.00,27320.00,2185.60,25134.40,13660.00,11474.40,01/06/2014,6, June ,2014
Small Business,Mexico, Paseo , Medium ,2460,10.00,300.00,738000.00,59040.00,678960.00,615000.00,63960.00,01/06/2014,6, June ,2014
Government,United States of America, Paseo , Medium ,678,10.00,7.00,4746.00,379.68,4366.32,3390.00,976.32,01/08/2014,8, August ,2014
Government,Germany, Paseo , Medium ,1598,10.00,7.00,11186.00,894.88,10291.12,7990.00,2301.12,01/08/2014,8, August ,2014
Government,Germany, Paseo , Medium ,2409,10.00,7.00,16863.00,1349.04,15513.96,12045.00,3468.96,01/09/2013,9, September ,2013
Government,Germany, Paseo , Medium ,1934,10.00,20.00,38680.00,3094.40,35585.60,19340.00,16245.60,01/09/2014,9, September ,2014
Government,Mexico, Paseo , Medium ,2993,10.00,20.00,59860.00,4788.80,55071.20,29930.00,25141.20,01/09/2014,9, September ,2014
Government,Germany, Paseo , Medium ,2146,10.00,350.00,751100.00,60088.00,691012.00,557960.00,133052.00,01/11/2013,11, November ,2013
Government,Mexico, Paseo , Medium ,1946,10.00,7.00,13622.00,1089.76,12532.24,9730.00,2802.24,01/12/2013,12, December ,2013
Government,Mexico, Paseo , Medium ,1362,10.00,350.00,476700.00,38136.00,438564.00,354120.00,84444.00,01/12/2014,12, December ,2014
Channel Partners,Canada, Velo , Medium ,598,120.00,12.00,7176.00,574.08,6601.92,1794.00,4807.92,01/03/2014,3, March ,2014
Government,United States of America, Velo , Medium ,2907,120.00,7.00,20349.00,1627.92,18721.08,14535.00,4186.08,01/06/2014,6, June ,2014
Government,Germany, Velo , Medium ,2338,120.00,7.00,16366.00,1309.28,15056.72,11690.00,3366.72,01/06/2014,6, June ,2014
Small Business,France, Velo , Medium ,386,120.00,300.00,115800.00,9264.00,106536.00,96500.00,10036.00,01/11/2013,11, November ,2013
Small Business,Mexico, Velo , Medium ,635,120.00,300.00,190500.00,15240.00,175260.00,158750.00,16510.00,01/12/2014,12, December ,2014
Government,France, VTT , Medium ,574.5,250.00,350.00,201075.00,16086.00,184989.00,149370.00,35619.00,01/04/2014,4, April ,2014
Government,Germany, VTT , Medium ,2338,250.00,7.00,16366.00,1309.28,15056.72,11690.00,3366.72,01/06/2014,6, June ,2014
Government,France, VTT , Medium ,381,250.00,350.00,133350.00,10668.00,122682.00,99060.00,23622.00,01/08/2014,8, August ,2014
Government,Germany, VTT , Medium ,422,250.00,350.00,147700.00,11816.00,135884.00,109720.00,26164.00,01/08/2014,8, August ,2014
Small Business,Canada, VTT , Medium ,2134,250.00,300.00,640200.00,51216.00,588984.00,533500.00,55484.00,01/09/2014,9, September ,2014
Small Business,United States of America, VTT , Medium ,808,250.00,300.00,242400.00,19392.00,223008.00,202000.00,21008.00,01/12/2013,12, December ,2013
Government,Canada, Amarilla , Medium ,708,260.00,20.00,14160.00,1132.80,13027.20,7080.00,5947.20,01/06/2014,6, June ,2014
Government,United States of America, Amarilla , Medium ,2907,260.00,7.00,20349.00,1627.92,18721.08,14535.00,4186.08,01/06/2014,6, June ,2014
Government,Germany, Amarilla , Medium ,1366,260.00,20.00,27320.00,2185.60,25134.40,13660.00,11474.40,01/06/2014,6, June ,2014
Small Business,Mexico, Amarilla , Medium ,2460,260.00,300.00,738000.00,59040.00,678960.00,615000.00,63960.00,01/06/2014,6, June ,2014
Government,Germany, Amarilla , Medium ,1520,260.00,20.00,30400.00,2432.00,27968.00,15200.00,12768.00,01/11/2014,11, November ,2014
Midmarket,Germany, Amarilla , Medium ,711,260.00,15.00,10665.00,853.20,9811.80,7110.00,2701.80,01/12/2014,12, December ,2014
Channel Partners,Mexico, Amarilla , Medium ,1375,260.00,12.00,16500.00,1320.00,15180.00,4125.00,11055.00,01/12/2013,12, December ,2013
Small Business,Mexico, Amarilla , Medium ,635,260.00,300.00,190500.00,15240.00,175260.00,158750.00,16510.00,01/12/2014,12, December ,2014
Government,United States of America, VTT , Medium ,436.5,250.00,20.00,8730.00,698.40,8031.60,4365.00,3666.60,01/07/2014,7, July ,2014
Small Business,Canada, Carretera , Medium ,1094,3.00,300.00,328200.00,29538.00,298662.00,273500.00,25162.00,01/06/2014,6, June ,2014
Channel Partners,Mexico, Carretera , Medium ,367,3.00,12.00,4404.00,396.36,4007.64,1101.00,2906.64,01/10/2013,10, October ,2013
Small Business,Canada, Montana , Medium ,3802.5,5.00,300.00,1140750.00,102667.50,1038082.50,950625.00,87457.50,01/04/2014,4, April ,2014
Government,France, Montana , Medium ,1666,5.00,350.00,583100.00,52479.00,530621.00,433160.00,97461.00,01/05/2014,5, May ,2014
Small Business,France, Montana , Medium ,322,5.00,300.00,96600.00,8694.00,87906.00,80500.00,7406.00,01/09/2013,9, September ,2013
Channel Partners,Canada, Montana , Medium ,2321,5.00,12.00,27852.00,2506.68,25345.32,6963.00,18382.32,01/11/2014,11, November ,2014
Enterprise,France, Montana , Medium ,1857,5.00,125.00,232125.00,20891.25,211233.75,222840.00,-11606.25,01/11/2013,11, November ,2013
Government,Canada, Montana , Medium ,1611,5.00,7.00,11277.00,1014.93,10262.07,8055.00,2207.07,01/12/2013,12, December ,2013
Enterprise,United States of America, Montana , Medium ,2797,5.00,125.00,349625.00,31466.25,318158.75,335640.00,-17481.25,01/12/2014,12, December ,2014
Small Business,Germany, Montana , Medium ,334,5.00,300.00,100200.00,9018.00,91182.00,83500.00,7682.00,01/12/2013,12, December ,2013
Small Business,Mexico, Paseo , Medium ,2565,10.00,300.00,769500.00,69255.00,700245.00,641250.00,58995.00,01/01/2014,1, January ,2014
Government,Mexico, Paseo , Medium ,2417,10.00,350.00,845950.00,76135.50,769814.50,628420.00,141394.50,01/01/2014,1, January ,2014
Midmarket,United States of America, Paseo , Medium ,3675,10.00,15.00,55125.00,4961.25,50163.75,36750.00,13413.75,01/04/2014,4, April ,2014
Small Business,Canada, Paseo , Medium ,1094,10.00,300.00,328200.00,29538.00,298662.00,273500.00,25162.00,01/06/2014,6, June ,2014
Midmarket,France, Paseo , Medium ,1227,10.00,15.00,18405.00,1656.45,16748.55,12270.00,4478.55,01/10/2014,10, October ,2014
Channel Partners,Mexico, Paseo , Medium ,367,10.00,12.00,4404.00,396.36,4007.64,1101.00,2906.64,01/10/2013,10, October ,2013
Small Business,France, Paseo , Medium ,1324,10.00,300.00,397200.00,35748.00,361452.00,331000.00,30452.00,01/11/2014,11, November ,2014
Channel Partners,Germany, Paseo , Medium ,1775,10.00,12.00,21300.00,1917.00,19383.00,5325.00,14058.00,01/11/2013,11, November ,2013
Enterprise,United States of America, Paseo , Medium ,2797,10.00,125.00,349625.00,31466.25,318158.75,335640.00,-17481.25,01/12/2014,12, December ,2014
Midmarket,Mexico, Velo , Medium ,245,120.00,15.00,3675.00,330.75,3344.25,2450.00,894.25,01/05/2014,5, May ,2014
Small Business,Canada, Velo , Medium ,3793.5,120.00,300.00,1138050.00,102424.50,1035625.50,948375.00,87250.50,01/07/2014,7, July ,2014
Government,Germany, Velo , Medium ,1307,120.00,350.00,457450.00,41170.50,416279.50,339820.00,76459.50,01/07/2014,7, July ,2014
Enterprise,Canada, Velo , Medium ,567,120.00,125.00,70875.00,6378.75,64496.25,68040.00,-3543.75,01/09/2014,9, September ,2014
Enterprise,Mexico, Velo , Medium ,2110,120.00,125.00,263750.00,23737.50,240012.50,253200.00,-13187.50,01/09/2014,9, September ,2014
Government,Canada, Velo , Medium ,1269,120.00,350.00,444150.00,39973.50,404176.50,329940.00,74236.50,01/10/2014,10, October ,2014
Channel Partners,United States of America, VTT , Medium ,1956,250.00,12.00,23472.00,2112.48,21359.52,5868.00,15491.52,01/01/2014,1, January ,2014
Small Business,Germany, VTT , Medium ,2659,250.00,300.00,797700.00,71793.00,725907.00,664750.00,61157.00,01/02/2014,2, February ,2014
Government,United States of America, VTT , Medium ,1351.5,250.00,350.00,473025.00,42572.25,430452.75,351390.00,79062.75,01/04/2014,4, April ,2014
Channel Partners,Germany, VTT , Medium ,880,250.00,12.00,10560.00,950.40,9609.60,2640.00,6969.60,01/05/2014,5, May ,2014
Small Business,United States of America, VTT , Medium ,1867,250.00,300.00,560100.00,50409.00,509691.00,466750.00,42941.00,01/09/2014,9, September ,2014
Channel Partners,France, VTT , Medium ,2234,250.00,12.00,26808.00,2412.72,24395.28,6702.00,17693.28,01/09/2013,9, September ,2013
Midmarket,France, VTT , Medium ,1227,250.00,15.00,18405.00,1656.45,16748.55,12270.00,4478.55,01/10/2014,10, October ,2014
Enterprise,Mexico, VTT , Medium ,877,250.00,125.00,109625.00,9866.25,99758.75,105240.00,-5481.25,01/11/2014,11, November ,2014
Government,United States of America, Amarilla , Medium ,2071,260.00,350.00,724850.00,65236.50,659613.50,538460.00,121153.50,01/09/2014,9, September ,2014
Government,Canada, Amarilla , Medium ,1269,260.00,350.00,444150.00,39973.50,404176.50,329940.00,74236.50,01/10/2014,10, October ,2014
Midmarket,Germany, Amarilla , Medium ,970,260.00,15.00,14550.00,1309.50,13240.50,9700.00,3540.50,01/11/2013,11, November ,2013
Government,Mexico, Amarilla , Medium ,1694,260.00,20.00,33880.00,3049.20,30830.80,16940.00,13890.80,01/11/2014,11, November ,2014
Government,Germany, Carretera , Medium ,663,3.00,20.00,13260.00,1193.40,12066.60,6630.00,5436.60,01/05/2014,5, May ,2014
Government,Canada, Carretera , Medium ,819,3.00,7.00,5733.00,515.97,5217.03,4095.00,1122.03,01/07/2014,7, July ,2014
Channel Partners,Germany, Carretera , Medium ,1580,3.00,12.00,18960.00,1706.40,17253.60,4740.00,12513.60,01/09/2014,9, September ,2014
Government,Mexico, Carretera , Medium ,521,3.00,7.00,3647.00,328.23,3318.77,2605.00,713.77,01/12/2014,12, December ,2014
Government,United States of America, Paseo , Medium ,973,10.00,20.00,19460.00,1751.40,17708.60,9730.00,7978.60,01/03/2014,3, March ,2014
Government,Mexico, Paseo , Medium ,1038,10.00,20.00,20760.00,1868.40,18891.60,10380.00,8511.60,01/06/2014,6, June ,2014
Government,Germany, Paseo , Medium ,360,10.00,7.00,2520.00,226.80,2293.20,1800.00,493.20,01/10/2014,10, October ,2014
Channel Partners,France, Velo , Medium ,1967,120.00,12.00,23604.00,2124.36,21479.64,5901.00,15578.64,01/03/2014,3, March ,2014
Midmarket,Mexico, Velo , Medium ,2628,120.00,15.00,39420.00,3547.80,35872.20,26280.00,9592.20,01/04/2014,4, April ,2014
Government,Germany, VTT , Medium ,360,250.00,7.00,2520.00,226.80,2293.20,1800.00,493.20,01/10/2014,10, October ,2014
Government,France, VTT , Medium ,2682,250.00,20.00,53640.00,4827.60,48812.40,26820.00,21992.40,01/11/2013,11, November ,2013
Government,Mexico, VTT , Medium ,521,250.00,7.00,3647.00,328.23,3318.77,2605.00,713.77,01/12/2014,12, December ,2014
Government,Mexico, Amarilla , Medium ,1038,260.00,20.00,20760.00,1868.40,18891.60,10380.00,8511.60,01/06/2014,6, June ,2014
Midmarket,Canada, Amarilla , Medium ,1630.5,260.00,15.00,24457.50,2201.18,22256.33,16305.00,5951.33,01/07/2014,7, July ,2014
Channel Partners,France, Amarilla , Medium ,306,260.00,12.00,3672.00,330.48,3341.52,918.00,2423.52,01/12/2013,12, December ,2013
Channel Partners,United States of America, Carretera , High ,386,3.00,12.00,4632.00,463.20,4168.80,1158.00,3010.80,01/10/2013,10, October ,2013
Government,United States of America, Montana , High ,2328,5.00,7.00,16296.00,1629.60,14666.40,11640.00,3026.40,01/09/2014,9, September ,2014
Channel Partners,United States of America, Paseo , High ,386,10.00,12.00,4632.00,463.20,4168.80,1158.00,3010.80,01/10/2013,10, October ,2013
Enterprise,United States of America, Carretera , High ,3445.5,3.00,125.00,430687.50,43068.75,387618.75,413460.00,-25841.25,01/04/2014,4, April ,2014
Enterprise,France, Carretera , High ,1482,3.00,125.00,185250.00,18525.00,166725.00,177840.00,-11115.00,01/12/2013,12, December ,2013
Government,United States of America, Montana , High ,2313,5.00,350.00,809550.00,80955.00,728595.00,601380.00,127215.00,01/05/2014,5, May ,2014
Enterprise,United States of America, Montana , High ,1804,5.00,125.00,225500.00,22550.00,202950.00,216480.00,-13530.00,01/11/2013,11, November ,2013
Midmarket,France, Montana , High ,2072,5.00,15.00,31080.00,3108.00,27972.00,20720.00,7252.00,01/12/2014,12, December ,2014
Government,France, Paseo , High ,1954,10.00,20.00,39080.00,3908.00,35172.00,19540.00,15632.00,01/03/2014,3, March ,2014
Small Business,Mexico, Paseo , High ,591,10.00,300.00,177300.00,17730.00,159570.00,147750.00,11820.00,01/05/2014,5, May ,2014
Midmarket,France, Paseo , High ,2167,10.00,15.00,32505.00,3250.50,29254.50,21670.00,7584.50,01/10/2013,10, October ,2013
Government,Germany, Paseo , High ,241,10.00,20.00,4820.00,482.00,4338.00,2410.00,1928.00,01/10/2014,10, October ,2014
Midmarket,Germany, Velo , High ,681,120.00,15.00,10215.00,1021.50,9193.50,6810.00,2383.50,01/01/2014,1, January ,2014
Midmarket,Germany, Velo , High ,510,120.00,15.00,7650.00,765.00,6885.00,5100.00,1785.00,01/04/2014,4, April ,2014
Midmarket,United States of America, Velo , High ,790,120.00,15.00,11850.00,1185.00,10665.00,7900.00,2765.00,01/05/2014,5, May ,2014
Government,France, Velo , High ,639,120.00,350.00,223650.00,22365.00,201285.00,166140.00,35145.00,01/07/2014,7, July ,2014
Enterprise,United States of America, Velo , High ,1596,120.00,125.00,199500.00,19950.00,179550.00,191520.00,-11970.00,01/09/2014,9, September ,2014
Small Business,United States of America, Velo , High ,2294,120.00,300.00,688200.00,68820.00,619380.00,573500.00,45880.00,01/10/2013,10, October ,2013
Government,Germany, Velo , High ,241,120.00,20.00,4820.00,482.00,4338.00,2410.00,1928.00,01/10/2014,10, October ,2014
Government,Germany, Velo , High ,2665,120.00,7.00,18655.00,1865.50,16789.50,13325.00,3464.50,01/11/2014,11, November ,2014
Enterprise,Canada, Velo , High ,1916,120.00,125.00,239500.00,23950.00,215550.00,229920.00,-14370.00,01/12/2013,12, December ,2013
Small Business,France, Velo , High ,853,120.00,300.00,255900.00,25590.00,230310.00,213250.00,17060.00,01/12/2014,12, December ,2014
Enterprise,Mexico, VTT , High ,341,250.00,125.00,42625.00,4262.50,38362.50,40920.00,-2557.50,01/05/2014,5, May ,2014
Midmarket,Mexico, VTT , High ,641,250.00,15.00,9615.00,961.50,8653.50,6410.00,2243.50,01/07/2014,7, July ,2014
Government,United States of America, VTT , High ,2807,250.00,350.00,982450.00,98245.00,884205.00,729820.00,154385.00,01/08/2014,8, August ,2014
Small Business,Mexico, VTT , High ,432,250.00,300.00,129600.00,12960.00,116640.00,108000.00,8640.00,01/09/2014,9, September ,2014
Small Business,United States of America, VTT , High ,2294,250.00,300.00,688200.00,68820.00,619380.00,573500.00,45880.00,01/10/2013,10, October ,2013
Midmarket,France, VTT , High ,2167,250.00,15.00,32505.00,3250.50,29254.50,21670.00,7584.50,01/10/2013,10, October ,2013
Enterprise,Canada, VTT , High ,2529,250.00,125.00,316125.00,31612.50,284512.50,303480.00,-18967.50,01/11/2014,11, November ,2014
Government,Germany, VTT , High ,1870,250.00,350.00,654500.00,65450.00,589050.00,486200.00,102850.00,01/12/2013,12, December ,2013
Enterprise,United States of America, Amarilla , High ,579,260.00,125.00,72375.00,7237.50,65137.50,69480.00,-4342.50,01/01/2014,1, January ,2014
Government,Canada, Amarilla , High ,2240,260.00,350.00,784000.00,78400.00,705600.00,582400.00,123200.00,01/02/2014,2, February ,2014
Small Business,United States of America, Amarilla , High ,2993,260.00,300.00,897900.00,89790.00,808110.00,748250.00,59860.00,01/03/2014,3, March ,2014
Channel Partners,Canada, Amarilla , High ,3520.5,260.00,12.00,42246.00,4224.60,38021.40,10561.50,27459.90,01/04/2014,4, April ,2014
Government,Mexico, Amarilla , High ,2039,260.00,20.00,40780.00,4078.00,36702.00,20390.00,16312.00,01/05/2014,5, May ,2014
Channel Partners,Germany, Amarilla , High ,2574,260.00,12.00,30888.00,3088.80,27799.20,7722.00,20077.20,01/08/2014,8, August ,2014
Government,Canada, Amarilla , High ,707,260.00,350.00,247450.00,24745.00,222705.00,183820.00,38885.00,01/09/2014,9, September ,2014
Midmarket,France, Amarilla , High ,2072,260.00,15.00,31080.00,3108.00,27972.00,20720.00,7252.00,01/12/2014,12, December ,2014
Small Business,France, Amarilla , High ,853,260.00,300.00,255900.00,25590.00,230310.00,213250.00,17060.00,01/12/2014,12, December ,2014
Channel Partners,France, Carretera , High ,1198,3.00,12.00,14376.00,1581.36,12794.64,3594.00,9200.64,01/10/2013,10, October ,2013
Government,France, Paseo , High ,2532,10.00,7.00,17724.00,1949.64,15774.36,12660.00,3114.36,01/04/2014,4, April ,2014
Channel Partners,France, Paseo , High ,1198,10.00,12.00,14376.00,1581.36,12794.64,3594.00,9200.64,01/10/2013,10, October ,2013
Midmarket,Canada, Velo , High ,384,120.00,15.00,5760.00,633.60,5126.40,3840.00,1286.40,01/01/2014,1, January ,2014
Channel Partners,Germany, Velo , High ,472,120.00,12.00,5664.00,623.04,5040.96,1416.00,3624.96,01/10/2014,10, October ,2014
Government,United States of America, VTT , High ,1579,250.00,7.00,11053.00,1215.83,9837.17,7895.00,1942.17,01/03/2014,3, March ,2014
Channel Partners,Mexico, VTT , High ,1005,250.00,12.00,12060.00,1326.60,10733.40,3015.00,7718.40,01/09/2013,9, September ,2013
Midmarket,United States of America, Amarilla , High ,3199.5,260.00,15.00,47992.50,5279.18,42713.33,31995.00,10718.33,01/07/2014,7, July ,2014
Channel Partners,Germany, Amarilla , High ,472,260.00,12.00,5664.00,623.04,5040.96,1416.00,3624.96,01/10/2014,10, October ,2014
Channel Partners,Canada, Carretera , High ,1937,3.00,12.00,23244.00,2556.84,20687.16,5811.00,14876.16,01/02/2014,2, February ,2014
Government,Germany, Carretera , High ,792,3.00,350.00,277200.00,30492.00,246708.00,205920.00,40788.00,01/03/2014,3, March ,2014
Small Business,Germany, Carretera , High ,2811,3.00,300.00,843300.00,92763.00,750537.00,702750.00,47787.00,01/07/2014,7, July ,2014
Enterprise,France, Carretera , High ,2441,3.00,125.00,305125.00,33563.75,271561.25,292920.00,-21358.75,01/10/2014,10, October ,2014
Midmarket,Canada, Carretera , High ,1560,3.00,15.00,23400.00,2574.00,20826.00,15600.00,5226.00,01/11/2013,11, November ,2013
Government,Mexico, Carretera , High ,2706,3.00,7.00,18942.00,2083.62,16858.38,13530.00,3328.38,01/11/2013,11, November ,2013
Government,Germany, Montana , High ,766,5.00,350.00,268100.00,29491.00,238609.00,199160.00,39449.00,01/01/2014,1, January ,2014
Government,Germany, Montana , High ,2992,5.00,20.00,59840.00,6582.40,53257.60,29920.00,23337.60,01/10/2013,10, October ,2013
Midmarket,Mexico, Montana , High ,2157,5.00,15.00,32355.00,3559.05,28795.95,21570.00,7225.95,01/12/2014,12, December ,2014
Small Business,Canada, Paseo , High ,873,10.00,300.00,261900.00,28809.00,233091.00,218250.00,14841.00,01/01/2014,1, January ,2014
Government,Mexico, Paseo , High ,1122,10.00,20.00,22440.00,2468.40,19971.60,11220.00,8751.60,01/03/2014,3, March ,2014
Government,Canada, Paseo , High ,2104.5,10.00,350.00,736575.00,81023.25,655551.75,547170.00,108381.75,01/07/2014,7, July ,2014
Channel Partners,Canada, Paseo , High ,4026,10.00,12.00,48312.00,5314.32,42997.68,12078.00,30919.68,01/07/2014,7, July ,2014
Channel Partners,France, Paseo , High ,2425.5,10.00,12.00,29106.00,3201.66,25904.34,7276.50,18627.84,01/07/2014,7, July ,2014
Government,Canada, Paseo , High ,2394,10.00,20.00,47880.00,5266.80,42613.20,23940.00,18673.20,01/08/2014,8, August ,2014
Midmarket,Mexico, Paseo , High ,1984,10.00,15.00,29760.00,3273.60,26486.40,19840.00,6646.40,01/08/2014,8, August ,2014
Enterprise,France, Paseo , High ,2441,10.00,125.00,305125.00,33563.75,271561.25,292920.00,-21358.75,01/10/2014,10, October ,2014
Government,Germany, Paseo , High ,2992,10.00,20.00,59840.00,6582.40,53257.60,29920.00,23337.60,01/10/2013,10, October ,2013
Small Business,Canada, Paseo , High ,1366,10.00,300.00,409800.00,45078.00,364722.00,341500.00,23222.00,01/11/2014,11, November ,2014
Government,France, Velo , High ,2805,120.00,20.00,56100.00,6171.00,49929.00,28050.00,21879.00,01/09/2013,9, September ,2013
Midmarket,Mexico, Velo , High ,655,120.00,15.00,9825.00,1080.75,8744.25,6550.00,2194.25,01/09/2013,9, September ,2013
Government,Mexico, Velo , High ,344,120.00,350.00,120400.00,13244.00,107156.00,89440.00,17716.00,01/10/2013,10, October ,2013
Government,Canada, Velo , High ,1808,120.00,7.00,12656.00,1392.16,11263.84,9040.00,2223.84,01/11/2014,11, November ,2014
Channel Partners,France, VTT , High ,1734,250.00,12.00,20808.00,2288.88,18519.12,5202.00,13317.12,01/01/2014,1, January ,2014
Enterprise,Mexico, VTT , High ,554,250.00,125.00,69250.00,7617.50,61632.50,66480.00,-4847.50,01/01/2014,1, January ,2014
Government,Canada, VTT , High ,2935,250.00,20.00,58700.00,6457.00,52243.00,29350.00,22893.00,01/11/2013,11, November ,2013
Enterprise,Germany, Amarilla , High ,3165,260.00,125.00,395625.00,43518.75,352106.25,379800.00,-27693.75,01/01/2014,1, January ,2014
Government,Mexico, Amarilla , High ,2629,260.00,20.00,52580.00,5783.80,46796.20,26290.00,20506.20,01/01/2014,1, January ,2014
Enterprise,France, Amarilla , High ,1433,260.00,125.00,179125.00,19703.75,159421.25,171960.00,-12538.75,01/05/2014,5, May ,2014
Enterprise,Mexico, Amarilla , High ,947,260.00,125.00,118375.00,13021.25,105353.75,113640.00,-8286.25,01/09/2013,9, September ,2013
Government,Mexico, Amarilla , High ,344,260.00,350.00,120400.00,13244.00,107156.00,89440.00,17716.00,01/10/2013,10, October ,2013
Midmarket,Mexico, Amarilla , High ,2157,260.00,15.00,32355.00,3559.05,28795.95,21570.00,7225.95,01/12/2014,12, December ,2014
Government,United States of America, Paseo , High ,380,10.00,7.00,2660.00,292.60,2367.40,1900.00,467.40,01/09/2013,9, September ,2013
Government,Mexico, Carretera , High ,886,3.00,350.00,310100.00,37212.00,272888.00,230360.00,42528.00,01/06/2014,6, June ,2014
Enterprise,Canada, Carretera , High ,2416,3.00,125.00,302000.00,36240.00,265760.00,289920.00,-24160.00,01/09/2013,9, September ,2013
Enterprise,Mexico, Carretera , High ,2156,3.00,125.00,269500.00,32340.00,237160.00,258720.00,-21560.00,01/10/2014,10, October ,2014
Midmarket,Canada, Carretera , High ,2689,3.00,15.00,40335.00,4840.20,35494.80,26890.00,8604.80,01/11/2014,11, November ,2014
Midmarket,United States of America, Montana , High ,677,5.00,15.00,10155.00,1218.60,8936.40,6770.00,2166.40,01/03/2014,3, March ,2014
Small Business,France, Montana , High ,1773,5.00,300.00,531900.00,63828.00,468072.00,443250.00,24822.00,01/04/2014,4, April ,2014
Government,Mexico, Montana , High ,2420,5.00,7.00,16940.00,2032.80,14907.20,12100.00,2807.20,01/09/2014,9, September ,2014
Government,Canada, Montana , High ,2734,5.00,7.00,19138.00,2296.56,16841.44,13670.00,3171.44,01/10/2014,10, October ,2014
Government,Mexico, Montana , High ,1715,5.00,20.00,34300.00,4116.00,30184.00,17150.00,13034.00,01/10/2013,10, October ,2013
Small Business,France, Montana , High ,1186,5.00,300.00,355800.00,42696.00,313104.00,296500.00,16604.00,01/12/2013,12, December ,2013
Small Business,United States of America, Paseo , High ,3495,10.00,300.00,1048500.00,125820.00,922680.00,873750.00,48930.00,01/01/2014,1, January ,2014
Government,Mexico, Paseo , High ,886,10.00,350.00,310100.00,37212.00,272888.00,230360.00,42528.00,01/06/2014,6, June ,2014
Enterprise,Mexico, Paseo , High ,2156,10.00,125.00,269500.00,32340.00,237160.00,258720.00,-21560.00,01/10/2014,10, October ,2014
Government,Mexico, Paseo , High ,905,10.00,20.00,18100.00,2172.00,15928.00,9050.00,6878.00,01/10/2014,10, October ,2014
Government,Mexico, Paseo , High ,1715,10.00,20.00,34300.00,4116.00,30184.00,17150.00,13034.00,01/10/2013,10, October ,2013
Government,France, Paseo , High ,1594,10.00,350.00,557900.00,66948.00,490952.00,414440.00,76512.00,01/11/2014,11, November ,2014
Small Business,Germany, Paseo , High ,1359,10.00,300.00,407700.00,48924.00,358776.00,339750.00,19026.00,01/11/2014,11, November ,2014
Small Business,Mexico, Paseo , High ,2150,10.00,300.00,645000.00,77400.00,567600.00,537500.00,30100.00,01/11/2014,11, November ,2014
Government,Mexico, Paseo , High ,1197,10.00,350.00,418950.00,50274.00,368676.00,311220.00,57456.00,01/11/2014,11, November ,2014
Midmarket,Mexico, Paseo , High ,380,10.00,15.00,5700.00,684.00,5016.00,3800.00,1216.00,01/12/2013,12, December ,2013
Government,Mexico, Paseo , High ,1233,10.00,20.00,24660.00,2959.20,21700.80,12330.00,9370.80,01/12/2014,12, December ,2014
Government,Mexico, Velo , High ,1395,120.00,350.00,488250.00,58590.00,429660.00,362700.00,66960.00,01/07/2014,7, July ,2014
Government,United States of America, Velo , High ,986,120.00,350.00,345100.00,41412.00,303688.00,256360.00,47328.00,01/10/2014,10, October ,2014
Government,Mexico, Velo , High ,905,120.00,20.00,18100.00,2172.00,15928.00,9050.00,6878.00,01/10/2014,10, October ,2014
Channel Partners,Canada, VTT , High ,2109,250.00,12.00,25308.00,3036.96,22271.04,6327.00,15944.04,01/05/2014,5, May ,2014
Midmarket,France, VTT , High ,3874.5,250.00,15.00,58117.50,6974.10,51143.40,38745.00,12398.40,01/07/2014,7, July ,2014
Government,Canada, VTT , High ,623,250.00,350.00,218050.00,26166.00,191884.00,161980.00,29904.00,01/09/2013,9, September ,2013
Government,United States of America, VTT , High ,986,250.00,350.00,345100.00,41412.00,303688.00,256360.00,47328.00,01/10/2014,10, October ,2014
Enterprise,United States of America, VTT , High ,2387,250.00,125.00,298375.00,35805.00,262570.00,286440.00,-23870.00,01/11/2014,11, November ,2014
Government,Mexico, VTT , High ,1233,250.00,20.00,24660.00,2959.20,21700.80,12330.00,9370.80,01/12/2014,12, December ,2014
Government,United States of America, Amarilla , High ,270,260.00,350.00,94500.00,11340.00,83160.00,70200.00,12960.00,01/02/2014,2, February ,2014
Government,France, Amarilla , High ,3421.5,260.00,7.00,23950.50,2874.06,21076.44,17107.50,3968.94,01/07/2014,7, July ,2014
Government,Canada, Amarilla , High ,2734,260.00,7.00,19138.00,2296.56,16841.44,13670.00,3171.44,01/10/2014,10, October ,2014
Midmarket,United States of America, Amarilla , High ,2548,260.00,15.00,38220.00,4586.40,33633.60,25480.00,8153.60,01/11/2013,11, November ,2013
Government,France, Carretera , High ,2521.5,3.00,20.00,50430.00,6051.60,44378.40,25215.00,19163.40,01/01/2014,1, January ,2014
Channel Partners,Mexico, Montana , High ,2661,5.00,12.00,31932.00,3831.84,28100.16,7983.00,20117.16,01/05/2014,5, May ,2014
Government,Germany, Paseo , High ,1531,10.00,20.00,30620.00,3674.40,26945.60,15310.00,11635.60,01/12/2014,12, December ,2014
Government,France, VTT , High ,1491,250.00,7.00,10437.00,1252.44,9184.56,7455.00,1729.56,01/03/2014,3, March ,2014
Government,Germany, VTT , High ,1531,250.00,20.00,30620.00,3674.40,26945.60,15310.00,11635.60,01/12/2014,12, December ,2014
Channel Partners,Canada, Amarilla , High ,2761,260.00,12.00,33132.00,3975.84,29156.16,8283.00,20873.16,01/09/2013,9, September ,2013
Midmarket,United States of America, Carretera , High ,2567,3.00,15.00,38505.00,5005.65,33499.35,25670.00,7829.35,01/06/2014,6, June ,2014
Midmarket,United States of America, VTT , High ,2567,250.00,15.00,38505.00,5005.65,33499.35,25670.00,7829.35,01/06/2014,6, June ,2014
Government,Canada, Carretera , High ,923,3.00,350.00,323050.00,41996.50,281053.50,239980.00,41073.50,01/03/2014,3, March ,2014
Government,France, Carretera , High ,1790,3.00,350.00,626500.00,81445.00,545055.00,465400.00,79655.00,01/03/2014,3, March ,2014
Government,Germany, Carretera , High ,442,3.00,20.00,8840.00,1149.20,7690.80,4420.00,3270.80,01/09/2013,9, September ,2013
Government,United States of America, Montana , High ,982.5,5.00,350.00,343875.00,44703.75,299171.25,255450.00,43721.25,01/01/2014,1, January ,2014
Government,United States of America, Montana , High ,1298,5.00,7.00,9086.00,1181.18,7904.82,6490.00,1414.82,01/02/2014,2, February ,2014
Channel Partners,Mexico, Montana , High ,604,5.00,12.00,7248.00,942.24,6305.76,1812.00,4493.76,01/06/2014,6, June ,2014
Government,Mexico, Montana , High ,2255,5.00,20.00,45100.00,5863.00,39237.00,22550.00,16687.00,01/07/2014,7, July ,2014
Government,Canada, Montana , High ,1249,5.00,20.00,24980.00,3247.40,21732.60,12490.00,9242.60,01/10/2014,10, October ,2014
Government,United States of America, Paseo , High ,1438.5,10.00,7.00,10069.50,1309.04,8760.47,7192.50,1567.97,01/01/2014,1, January ,2014
Small Business,Germany, Paseo , High ,807,10.00,300.00,242100.00,31473.00,210627.00,201750.00,8877.00,01/01/2014,1, January ,2014
Government,United States of America, Paseo , High ,2641,10.00,20.00,52820.00,6866.60,45953.40,26410.00,19543.40,01/02/2014,2, February ,2014
Government,Germany, Paseo , High ,2708,10.00,20.00,54160.00,7040.80,47119.20,27080.00,20039.20,01/02/2014,2, February ,2014
Government,Canada, Paseo , High ,2632,10.00,350.00,921200.00,119756.00,801444.00,684320.00,117124.00,01/06/2014,6, June ,2014
Enterprise,Canada, Paseo , High ,1583,10.00,125.00,197875.00,25723.75,172151.25,189960.00,-17808.75,01/06/2014,6, June ,2014
Channel Partners,Mexico, Paseo , High ,571,10.00,12.00,6852.00,890.76,5961.24,1713.00,4248.24,01/07/2014,7, July ,2014
Government,France, Paseo , High ,2696,10.00,7.00,18872.00,2453.36,16418.64,13480.00,2938.64,01/08/2014,8, August ,2014
Midmarket,Canada, Paseo , High ,1565,10.00,15.00,23475.00,3051.75,20423.25,15650.00,4773.25,01/10/2014,10, October ,2014
Government,Canada, Paseo , High ,1249,10.00,20.00,24980.00,3247.40,21732.60,12490.00,9242.60,01/10/2014,10, October ,2014
Government,Germany, Paseo , High ,357,10.00,350.00,124950.00,16243.50,108706.50,92820.00,15886.50,01/11/2014,11, November ,2014
Channel Partners,Germany, Paseo , High ,1013,10.00,12.00,12156.00,1580.28,10575.72,3039.00,7536.72,01/12/2014,12, December ,2014
Midmarket,France, Velo , High ,3997.5,120.00,15.00,59962.50,7795.13,52167.38,39975.00,12192.38,01/01/2014,1, January ,2014
Government,Canada, Velo , High ,2632,120.00,350.00,921200.00,119756.00,801444.00,684320.00,117124.00,01/06/2014,6, June ,2014
Government,France, Velo , High ,1190,120.00,7.00,8330.00,1082.90,7247.10,5950.00,1297.10,01/06/2014,6, June ,2014
Channel Partners,Mexico, Velo , High ,604,120.00,12.00,7248.00,942.24,6305.76,1812.00,4493.76,01/06/2014,6, June ,2014
Midmarket,Germany, Velo , High ,660,120.00,15.00,9900.00,1287.00,8613.00,6600.00,2013.00,01/09/2013,9, September ,2013
Channel Partners,Mexico, Velo , High ,410,120.00,12.00,4920.00,639.60,4280.40,1230.00,3050.40,01/10/2014,10, October ,2014
Small Business,Mexico, Velo , High ,2605,120.00,300.00,781500.00,101595.00,679905.00,651250.00,28655.00,01/11/2013,11, November ,2013
Channel Partners,Germany, Velo , High ,1013,120.00,12.00,12156.00,1580.28,10575.72,3039.00,7536.72,01/12/2014,12, December ,2014
Enterprise,Canada, VTT , High ,1583,250.00,125.00,197875.00,25723.75,172151.25,189960.00,-17808.75,01/06/2014,6, June ,2014
Midmarket,Canada, VTT , High ,1565,250.00,15.00,23475.00,3051.75,20423.25,15650.00,4773.25,01/10/2014,10, October ,2014
Enterprise,Canada, Amarilla , High ,1659,260.00,125.00,207375.00,26958.75,180416.25,199080.00,-18663.75,01/01/2014,1, January ,2014
Government,France, Amarilla , High ,1190,260.00,7.00,8330.00,1082.90,7247.10,5950.00,1297.10,01/06/2014,6, June ,2014
Channel Partners,Mexico, Amarilla , High ,410,260.00,12.00,4920.00,639.60,4280.40,1230.00,3050.40,01/10/2014,10, October ,2014
Channel Partners,Germany, Amarilla , High ,1770,260.00,12.00,21240.00,2761.20,18478.80,5310.00,13168.80,01/12/2013,12, December ,2013
Government,Mexico, Carretera , High ,2579,3.00,20.00,51580.00,7221.20,44358.80,25790.00,18568.80,01/04/2014,4, April ,2014
Government,United States of America, Carretera , High ,1743,3.00,20.00,34860.00,4880.40,29979.60,17430.00,12549.60,01/05/2014,5, May ,2014
Government,United States of America, Carretera , High ,2996,3.00,7.00,20972.00,2936.08,18035.92,14980.00,3055.92,01/10/2013,10, October ,2013
Government,Germany, Carretera , High ,280,3.00,7.00,1960.00,274.40,1685.60,1400.00,285.60,01/12/2014,12, December ,2014
Government,France, Montana , High ,293,5.00,7.00,2051.00,287.14,1763.86,1465.00,298.86,01/02/2014,2, February ,2014
Government,United States of America, Montana , High ,2996,5.00,7.00,20972.00,2936.08,18035.92,14980.00,3055.92,01/10/2013,10, October ,2013
Midmarket,Germany, Paseo , High ,278,10.00,15.00,4170.00,583.80,3586.20,2780.00,806.20,01/02/2014,2, February ,2014
Government,Canada, Paseo , High ,2428,10.00,20.00,48560.00,6798.40,41761.60,24280.00,17481.60,01/03/2014,3, March ,2014
Midmarket,United States of America, Paseo , High ,1767,10.00,15.00,26505.00,3710.70,22794.30,17670.00,5124.30,01/09/2014,9, September ,2014
Channel Partners,France, Paseo , High ,1393,10.00,12.00,16716.00,2340.24,14375.76,4179.00,10196.76,01/10/2014,10, October ,2014
Government,Germany, VTT , High ,280,250.00,7.00,1960.00,274.40,1685.60,1400.00,285.60,01/12/2014,12, December ,2014
Channel Partners,France, Amarilla , High ,1393,260.00,12.00,16716.00,2340.24,14375.76,4179.00,10196.76,01/10/2014,10, October ,2014
Channel Partners,United States of America, Amarilla , High ,2015,260.00,12.00,24180.00,3385.20,20794.80,6045.00,14749.80,01/12/2013,12, December ,2013
Small Business,Mexico, Carretera , High ,801,3.00,300.00,240300.00,33642.00,206658.00,200250.00,6408.00,01/07/2014,7, July ,2014
Enterprise,France, Carretera , High ,1023,3.00,125.00,127875.00,17902.50,109972.50,122760.00,-12787.50,01/09/2013,9, September ,2013
Small Business,Canada, Carretera , High ,1496,3.00,300.00,448800.00,62832.00,385968.00,374000.00,11968.00,01/10/2014,10, October ,2014
Small Business,United States of America, Carretera , High ,1010,3.00,300.00,303000.00,42420.00,260580.00,252500.00,8080.00,01/10/2014,10, October ,2014
Midmarket,Germany, Carretera , High ,1513,3.00,15.00,22695.00,3177.30,19517.70,15130.00,4387.70,01/11/2014,11, November ,2014
Midmarket,Canada, Carretera , High ,2300,3.00,15.00,34500.00,4830.00,29670.00,23000.00,6670.00,01/12/2014,12, December ,2014
Enterprise,Mexico, Carretera , High ,2821,3.00,125.00,352625.00,49367.50,303257.50,338520.00,-35262.50,01/12/2013,12, December ,2013
Government,Canada, Montana , High ,2227.5,5.00,350.00,779625.00,109147.50,670477.50,579150.00,91327.50,01/01/2014,1, January ,2014
Government,Germany, Montana , High ,1199,5.00,350.00,419650.00,58751.00,360899.00,311740.00,49159.00,01/04/2014,4, April ,2014
Government,Canada, Montana , High ,200,5.00,350.00,70000.00,9800.00,60200.00,52000.00,8200.00,01/05/2014,5, May ,2014
Government,Canada, Montana , High ,388,5.00,7.00,2716.00,380.24,2335.76,1940.00,395.76,01/09/2014,9, September ,2014
Government,Mexico, Montana , High ,1727,5.00,7.00,12089.00,1692.46,10396.54,8635.00,1761.54,01/10/2013,10, October ,2013
Midmarket,Canada, Montana , High ,2300,5.00,15.00,34500.00,4830.00,29670.00,23000.00,6670.00,01/12/2014,12, December ,2014
Government,Mexico, Paseo , High ,260,10.00,20.00,5200.00,728.00,4472.00,2600.00,1872.00,01/02/2014,2, February ,2014
Midmarket,Canada, Paseo , High ,2470,10.00,15.00,37050.00,5187.00,31863.00,24700.00,7163.00,01/09/2013,9, September ,2013
Midmarket,Canada, Paseo , High ,1743,10.00,15.00,26145.00,3660.30,22484.70,17430.00,5054.70,01/10/2013,10, October ,2013
Channel Partners,United States of America, Paseo , High ,2914,10.00,12.00,34968.00,4895.52,30072.48,8742.00,21330.48,01/10/2014,10, October ,2014
Government,France, Paseo , High ,1731,10.00,7.00,12117.00,1696.38,10420.62,8655.00,1765.62,01/10/2014,10, October ,2014
Government,Canada, Paseo , High ,700,10.00,350.00,245000.00,34300.00,210700.00,182000.00,28700.00,01/11/2014,11, November ,2014
Channel Partners,Canada, Paseo , High ,2222,10.00,12.00,26664.00,3732.96,22931.04,6666.00,16265.04,01/11/2013,11, November ,2013
Government,United States of America, Paseo , High ,1177,10.00,350.00,411950.00,57673.00,354277.00,306020.00,48257.00,01/11/2014,11, November ,2014
Government,France, Paseo , High ,1922,10.00,350.00,672700.00,94178.00,578522.00,499720.00,78802.00,01/11/2013,11, November ,2013
Enterprise,Mexico, Velo , High ,1575,120.00,125.00,196875.00,27562.50,169312.50,189000.00,-19687.50,01/02/2014,2, February ,2014
Government,United States of America, Velo , High ,606,120.00,20.00,12120.00,1696.80,10423.20,6060.00,4363.20,01/04/2014,4, April ,2014
Small Business,United States of America, Velo , High ,2460,120.00,300.00,738000.00,103320.00,634680.00,615000.00,19680.00,01/07/2014,7, July ,2014
Small Business,Canada, Velo , High ,269,120.00,300.00,80700.00,11298.00,69402.00,67250.00,2152.00,01/10/2013,10, October ,2013
Small Business,Germany, Velo , High ,2536,120.00,300.00,760800.00,106512.00,654288.00,634000.00,20288.00,01/11/2013,11, November ,2013
Government,Mexico, VTT , High ,2903,250.00,7.00,20321.00,2844.94,17476.06,14515.00,2961.06,01/03/2014,3, March ,2014
Small Business,United States of America, VTT , High ,2541,250.00,300.00,762300.00,106722.00,655578.00,635250.00,20328.00,01/08/2014,8, August ,2014
Small Business,Canada, VTT , High ,269,250.00,300.00,80700.00,11298.00,69402.00,67250.00,2152.00,01/10/2013,10, October ,2013
Small Business,Canada, VTT , High ,1496,250.00,300.00,448800.00,62832.00,385968.00,374000.00,11968.00,01/10/2014,10, October ,2014
Small Business,United States of America, VTT , High ,1010,250.00,300.00,303000.00,42420.00,260580.00,252500.00,8080.00,01/10/2014,10, October ,2014
Government,France, VTT , High ,1281,250.00,350.00,448350.00,62769.00,385581.00,333060.00,52521.00,01/12/2013,12, December ,2013
Small Business,Canada, Amarilla , High ,888,260.00,300.00,266400.00,37296.00,229104.00,222000.00,7104.00,01/03/2014,3, March ,2014
Enterprise,United States of America, Amarilla , High ,2844,260.00,125.00,355500.00,49770.00,305730.00,341280.00,-35550.00,01/05/2014,5, May ,2014
Channel Partners,France, Amarilla , High ,2475,260.00,12.00,29700.00,4158.00,25542.00,7425.00,18117.00,01/08/2014,8, August ,2014
Midmarket,Canada, Amarilla , High ,1743,260.00,15.00,26145.00,3660.30,22484.70,17430.00,5054.70,01/10/2013,10, October ,2013
Channel Partners,United States of America, Amarilla , High ,2914,260.00,12.00,34968.00,4895.52,30072.48,8742.00,21330.48,01/10/2014,10, October ,2014
Government,France, Amarilla , High ,1731,260.00,7.00,12117.00,1696.38,10420.62,8655.00,1765.62,01/10/2014,10, October ,2014
Government,Mexico, Amarilla , High ,1727,260.00,7.00,12089.00,1692.46,10396.54,8635.00,1761.54,01/10/2013,10, October ,2013
Midmarket,Mexico, Amarilla , High ,1870,260.00,15.00,28050.00,3927.00,24123.00,18700.00,5423.00,01/11/2013,11, November ,2013
Enterprise,France, Carretera , High ,1174,3.00,125.00,146750.00,22012.50,124737.50,140880.00,-16142.50,01/08/2014,8, August ,2014
Enterprise,Germany, Carretera , High ,2767,3.00,125.00,345875.00,51881.25,293993.75,332040.00,-38046.25,01/08/2014,8, August ,2014
Enterprise,Germany, Carretera , High ,1085,3.00,125.00,135625.00,20343.75,115281.25,130200.00,-14918.75,01/10/2014,10, October ,2014
Small Business,Mexico, Montana , High ,546,5.00,300.00,163800.00,24570.00,139230.00,136500.00,2730.00,01/10/2014,10, October ,2014
Government,Germany, Paseo , High ,1158,10.00,20.00,23160.00,3474.00,19686.00,11580.00,8106.00,01/03/2014,3, March ,2014
Midmarket,Canada, Paseo , High ,1614,10.00,15.00,24210.00,3631.50,20578.50,16140.00,4438.50,01/04/2014,4, April ,2014
Government,Mexico, Paseo , High ,2535,10.00,7.00,17745.00,2661.75,15083.25,12675.00,2408.25,01/04/2014,4, April ,2014
Government,Mexico, Paseo , High ,2851,10.00,350.00,997850.00,149677.50,848172.50,741260.00,106912.50,01/05/2014,5, May ,2014
Midmarket,Canada, Paseo , High ,2559,10.00,15.00,38385.00,5757.75,32627.25,25590.00,7037.25,01/08/2014,8, August ,2014
Government,United States of America, Paseo , High ,267,10.00,20.00,5340.00,801.00,4539.00,2670.00,1869.00,01/10/2013,10, October ,2013
Enterprise,Germany, Paseo , High ,1085,10.00,125.00,135625.00,20343.75,115281.25,130200.00,-14918.75,01/10/2014,10, October ,2014
Midmarket,Germany, Paseo , High ,1175,10.00,15.00,17625.00,2643.75,14981.25,11750.00,3231.25,01/10/2014,10, October ,2014
Government,United States of America, Paseo , High ,2007,10.00,350.00,702450.00,105367.50,597082.50,521820.00,75262.50,01/11/2013,11, November ,2013
Government,Mexico, Paseo , High ,2151,10.00,350.00,752850.00,112927.50,639922.50,559260.00,80662.50,01/11/2013,11, November ,2013
Channel Partners,United States of America, Paseo , High ,914,10.00,12.00,10968.00,1645.20,9322.80,2742.00,6580.80,01/12/2014,12, December ,2014
Government,France, Paseo , High ,293,10.00,20.00,5860.00,879.00,4981.00,2930.00,2051.00,01/12/2014,12, December ,2014
Channel Partners,Mexico, Velo , High ,500,120.00,12.00,6000.00,900.00,5100.00,1500.00,3600.00,01/03/2014,3, March ,2014
Midmarket,France, Velo , High ,2826,120.00,15.00,42390.00,6358.50,36031.50,28260.00,7771.50,01/05/2014,5, May ,2014
Enterprise,France, Velo , High ,663,120.00,125.00,82875.00,12431.25,70443.75,79560.00,-9116.25,01/09/2014,9, September ,2014
Small Business,United States of America, Velo , High ,2574,120.00,300.00,772200.00,115830.00,656370.00,643500.00,12870.00,01/11/2013,11, November ,2013
Enterprise,United States of America, Velo , High ,2438,120.00,125.00,304750.00,45712.50,259037.50,292560.00,-33522.50,01/12/2013,12, December ,2013
Channel Partners,United States of America, Velo , High ,914,120.00,12.00,10968.00,1645.20,9322.80,2742.00,6580.80,01/12/2014,12, December ,2014
Government,Canada, VTT , High ,865.5,250.00,20.00,17310.00,2596.50,14713.50,8655.00,6058.50,01/07/2014,7, July ,2014
Midmarket,Germany, VTT , High ,492,250.00,15.00,7380.00,1107.00,6273.00,4920.00,1353.00,01/07/2014,7, July ,2014
Government,United States of America, VTT , High ,267,250.00,20.00,5340.00,801.00,4539.00,2670.00,1869.00,01/10/2013,10, October ,2013
Midmarket,Germany, VTT , High ,1175,250.00,15.00,17625.00,2643.75,14981.25,11750.00,3231.25,01/10/2014,10, October ,2014
Enterprise,Canada, VTT , High ,2954,250.00,125.00,369250.00,55387.50,313862.50,354480.00,-40617.50,01/11/2013,11, November ,2013
Enterprise,Germany, VTT , High ,552,250.00,125.00,69000.00,10350.00,58650.00,66240.00,-7590.00,01/11/2014,11, November ,2014
Government,France, VTT , High ,293,250.00,20.00,5860.00,879.00,4981.00,2930.00,2051.00,01/12/2014,12, December ,2014
Small Business,France, Amarilla , High ,2475,260.00,300.00,742500.00,111375.00,631125.00,618750.00,12375.00,01/03/2014,3, March ,2014
Small Business,Mexico, Amarilla , High ,546,260.00,300.00,163800.00,24570.00,139230.00,136500.00,2730.00,01/10/2014,10, October ,2014
Government,Mexico, Montana , High ,1368,5.00,7.00,9576.00,1436.40,8139.60,6840.00,1299.60,01/02/2014,2, February ,2014
Government,Canada, Paseo , High ,723,10.00,7.00,5061.00,759.15,4301.85,3615.00,686.85,01/04/2014,4, April ,2014
Channel Partners,United States of America, VTT , High ,1806,250.00,12.00,21672.00,3250.80,18421.20,5418.00,13003.20,01/05/2014,5, May ,2014
